"title_frequency.Var1","title_frequency.Freq"
"",6
"311 CALL CENTER SPECIALIST",517
"311 CALL CENTER SUPERVISOR",32
"311 SENIOR CALL CENTER SPCLIST",76
"311 SENIOR CALL CENTER SUPV",8
"ACCOUNT CLERK",920
"ACCOUNTANT 1",578
"ACCOUNTANT 2",1030
"ACCOUNTANT 3",476
"ACCOUNTANT 4",110
"ACCREDITATION MANAGER",6
"ACCTS PAYABLE COMPLS SPEC",13
"ADMIN ASST OFF INSP GEN",12
"ADMIN OFF COMM ON ETH & PUB T",7
"ADMINISTRATIVE OFFICER 1",195
"ADMINISTRATIVE OFFICER 2",778
"ADMINISTRATIVE OFFICER 3",810
"ADMINISTRATIVE OPER SPEC",7
"ADMINISTRATIVE SECRETARY",1039
"ADMINISTRATIVE SUPPORT SPEC",67
"ADMINISTRATIVE TRAINEE",8
"ADULT CENTER MANAGER",13
"ADULT DAY CARE AIDE",86
"ADV MDC E & PTC",7
"AE CONSULTANT SELECTION COORD",35
"AGENDA COORDINATOR",7
"AGENDA PROCESSING SPECIALIST",14
"AGRICULTURAL MANAGER",6
"AIRCRAFT TECHNICIAN",45
"AIRCRAFT TECHNICIAN SUPV",7
"AIRP ELEV CONTRACTING SPEC",14
"AIRPORT ACCOUNT CLERK",45
"AIRPORT ACCOUNTANT 1",65
"AIRPORT ADMIN. SECRETARY",100
"AIRPORT APM TECHNICIAN",41
"AIRPORT ARCHITECTURAL DRAFTER",61
"AIRPORT ATTENDANT",157
"AIRPORT AUTO EQUIP OP 1",47
"AIRPORT AUTO EQUIP OP 2",92
"AIRPORT AUTO EQUIP OP 3",61
"AIRPORT AUTO SUPPORT SPECIALIS",15
"AIRPORT BLDG SYSTEMS SPEC",14
"AIRPORT BMS OPERATOR",34
"AIRPORT CADASTRAL TECH",7
"AIRPORT CAP INVENTORY CLK",12
"AIRPORT CARPENTER",65
"AIRPORT CARPENTER/ROOFER",14
"AIRPORT COLL & INSPEC REP",7
"AIRPORT COLLECTION SPECIALIST",20
"AIRPORT COMMUN SERV REP 2",13
"AIRPORT COMP OPERATOR",21
"AIRPORT COMPLIANCE SENIOR SPEC",52
"AIRPORT COMPLIANCE SPECIALIST",50
"AIRPORT DATA ENTRY SPEC 1",7
"AIRPORT DATA ENTRY SPEC 2",6
"AIRPORT DRIVER MESSENGER",13
"AIRPORT ELEC-ELECTL EQUIP 1",135
"AIRPORT ELEC-ELECTL EQUIP 2",26
"AIRPORT ELECTRICIAN",88
"AIRPORT ENG",6
"AIRPORT EXECUTIVE SECRETARY",60
"AIRPORT FACILITIES SUPT",114
"AIRPORT FIRE SUPPRES SYST SUPV",6
"AIRPORT FIRE SUPPRES SYST TECH",101
"AIRPORT HEAVY EQUIPMENT TECH",52
"AIRPORT HYDRAUL MECH",73
"AIRPORT INFO & PROG SPEC",18
"AIRPORT INVY CONTROL SPEC",77
"AIRPORT LIGHT EQUIPMENT TECH",19
"AIRPORT LIGHTING SUPERVISOR",6
"AIRPORT LIGHTING TECHNICIAN",31
"AIRPORT LOAD BRIDGE MNT SUPV",14
"AIRPORT LOCKSMITH",34
"AIRPORT MACHINIST",7
"AIRPORT MAINT MECHANIC",485
"AIRPORT MAINT REPAIRER",63
"AIRPORT MAINT SUPV",85
"AIRPORT MASON",12
"AIRPORT MOTORCYCLE MECH",6
"AIRPORT NOISE&WILDLIFE OFFICER",27
"AIRPORT OFFICE SUPP SPEC 2",21
"AIRPORT OPER SUPV",107
"AIRPORT OPER SYSTEMS PROG",30
"AIRPORT OPERS AGENT",614
"AIRPORT OPERS SPEC",1368
"AIRPORT OPERS SR AGENT",243
"AIRPORT PAINTER",176
"AIRPORT PERSONNEL SPECIALIST 2",27
"AIRPORT PERSONNEL SPECIALIST 3",7
"AIRPORT PERSONNEL TECH",14
"AIRPORT PLANT MAINT SUPV",8
"AIRPORT PLANT MECHANIC",52
"AIRPORT PLUMBER",92
"AIRPORT PROTOCOL OFFICER",46
"AIRPORT PROTOCOL REPRES",7
"AIRPORT PUBLIC SERVICE ASST",149
"AIRPORT PURCHASING SPECIALIST",62
"AIRPORT RECORD CENTER CLK 2",16
"AIRPORT REFRIG/AC MECHANIC",120
"AIRPORT REV CONTROL ANALY 1",6
"AIRPORT REV CONTROL ANALY 2",24
"AIRPORT REV CONTROL ANALY 3",7
"AIRPORT SECRETARY",76
"AIRPORT SECURITY COMPLIANCE OF",7
"AIRPORT SIGN PAINTER",30
"AIRPORT SPRAYER",20
"AIRPORT SR CADASTRAL TECH",6
"AIRPORT SR EXECUTIVE SECRETARY",7
"AIRPORT SR TELECOMM TECH",20
"AIRPORT SYST ANALYST/PROG 1",14
"AIRPORT SYST ANALYST/PROG 2",46
"AIRPORT TELECOMM INSTALLER",6
"AIRPORT TELECOMM TECHN",67
"AIRPORT VIDEOGRAPHER/EDITOR",7
"AIRPORT WASTE PLANT ELECTRCN",21
"AIRPORT WASTE PLANT OPERATOR",28
"AIRPORT WELDER",13
"ANIMAL CARE SPEC. ASST. COORD.",13
"ANIMAL CARE SPECIALIST COORDIN",8
"ANIMAL PROTECTION COORDINATOR",6
"ANIMAL SERVICES ENFORCE SUPERV",6
"ANIMAL SERVICES ENRICHMENT SPE",8
"ANIMAL SERVICES RESCUE COORDIN",13
"AP RISK MGT INS REPRESENTATIVE",7
"AQUATIC LIFE SUPPORT TECH",6
"ARCHITECT 1",21
"ARCHITECT 2",45
"ARCHITECT 3",36
"ARCHITECTURAL DRAFTER",6
"AREA SUPERVISOR",6
"ASD ADOPTION CLERK",118
"ASD CARE SPECIALIST",499
"ASD CITATION & COLLECTIONS SUP",6
"ASD CITATION SPEC",13
"ASD COLLECTION SPECIALIST 1",34
"ASD COLLECTION SPECIALIST 2",6
"ASD CONTROL SPECIALIST",105
"ASD CUST SERVICE SUPV 1",12
"ASD CUSTOMER CLERK",89
"ASD DISPATCHER",7
"ASD DISPOSAL TECH",20
"ASD FACILITIES MANAGER",6
"ASD INVESTIGATOR",40
"ASD LICENSING CLERK",53
"ASD OUTREACH SPECIALIST",22
"ASD PHARMACY CLERK",7
"ASD PROCUREMENT&INVENTORY SUPV",6
"ASD SHELTER CLERK",45
"ASD SHELTER PROG COORDINATOR",6
"ASD SHELTER PROGRAM MANAGER",14
"ASD TRANSPORT OPERATOR",32
"ASD TRANSPORT SPECIALIST",12
"ASSET MANAGEMENT ANALYST",7
"ASSIST DIRECTOR, DTPW",6
"ASSISTANT CONTROLLER",26
"ASSISTANT CRTS DIVISION CHIEF",18
"ASSISTANT DIR, MPO MBL MG & IM",8
"ASSISTANT DIR, MPO TR & LD USE",7
"ASSISTANT DIRECTOR SEAPORT",13
"ASSISTANT DIRECTOR, DSWM",20
"ASSISTANT DIVISION DIR, ISD",6
"ASSISTANT FAMIS COORDINATOR",7
"ASSISTANT TAX COLLECTOR",7
"ASSISTANT THEATER DIRECTOR",27
"ASSOC AUDIT",92
"ASSOC AVIA DIR GOVT AFFAIRS",6
"ASSOC EDP AUDITOR",6
"ASSOCIATE ZOO VETERINARIAN",20
"ASST AGENDA COORD",6
"ASST ANALYST OIG",7
"ASST AUDITOR",12
"ASST BUSINESS ANALYST",7
"ASST CHIEF OF SECURITY ISD",6
"ASST CTY ATTORNEY 1",55
"ASST CTY ATTORNEY 2",234
"ASST CTY ATTORNEY 3",130
"ASST CTY ATTORNEY 4",55
"ASST DEP SUPV ELEC ELEC VOTING",6
"ASST DEP SUPV OF ELECTIONS",13
"ASST DIR AVIATION",40
"ASST DIR C&R",12
"ASST DIR CA&HSD 1",7
"ASST DIR CA&HSD 2",7
"ASST DIR DISTRICT OPER DIV",7
"ASST DIR DTPW",25
"ASST DIR DTPWENG PLN & DEVELOP",6
"ASST DIR FIRE EMER MGT",6
"ASST DIR ITD",13
"ASST DIR LIBRARY",13
"ASST DIR MDFR BUDGT&PLNG",6
"ASST DIR MDPD",20
"ASST DIR OMB",7
"ASST DIR PW&WM",7
"ASST DIR RER 2",13
"ASST DIR RER1",25
"ASST DIR SEAPORT CAPITAL DEV",6
"ASST DIR SEAPORT FINANCE ADM",6
"ASST DIR SFWIB",14
"ASST DIR TRAF&MISDEMEANOR OPER",8
"ASST DIR W&S",45
"ASST DIRECT CRTS TECH SERV DIV",8
"ASST DIV DIR PHCD ASSET MGT",12
"ASST DIV DIR PIM",7
"ASST FIRE CHIEF",12
"ASST GRANT ANALYST",6
"ASST LAB DIR MEDICAL EXAMINER",6
"ASST LEGAL COUNSEL OIG",25
"ASST MEDICAL EXAMINER",33
"ASST PORTFOLIO MANAGER",7
"ASST PROTOCOL-RECOGN SPEC",6
"ASST TENNIS FACILITY MGR",6
"ASST TO AGRICULTURAL MGR",6
"ASST TO DEPT DIR, LEGAL AID",7
"ASST TO DEPUTY MAYOR",44
"ASST TO THE ASSISTANT DIR",7
"ASST W&S DIR,FINANCE",6
"ASST W&S SUPT",111
"ASST ZOO SECURITY SUPV",6
"ASST. CENTRAL DEPOSITORY MGR.",6
"ASST. DIRECTOR, HOMELESS TRUST",8
"ASST. THEATER PRODUCTION MGR",8
"ASST. TO THE DEPUTY DIRECTOR",14
"ASST.DIR.,CLERK OF THE BOARD",7
"ASST.TO THE DEP.PROP.APPRAISER",7
"AST DIR CIVIL & LAND SALES OPR",7
"AST DIRECTOR,TRAFFIC SERVICES",6
"AST DR,LIBRARY COLLECTIONS &SP",7
"AST,DIR,INTERNAL SERVICES DEPT",14
"AST,DIR,PARKS,REC & OPEN SPACE",21
"AST. DIR.,COMMUNICATION DEPART",7
"AST.DEPUTY SUP ELEC,POLL&TRAIN",7
"AST.DEPUTY SUP OF ELEC FINANCE",6
"AUDIT MGR",13
"AUDIT MGR OFF INSPEC GEN",8
"AUDIT SUPERVISOR",48
"AUDIT SUPERVISOR, OIG",13
"AUDITOR OFF INSPEC GEN",32
"AUDITOR, MDC ETHICS & PUB TRST",6
"AUTO EQUIP OPER 1",329
"AUTO EQUIP OPER 2",343
"AUTO EQUIP OPER 3",112
"AUTOMOTIVE SERVICES SPECIALIST",134
"AUXILARY AIRPORT SPECIALIST",12
"AUXILIARY AIRPORT SPECIALIST",6
"AUXILLARY AIRPORT COORDINATOR",6
"AVI FINAN & PERFORM ADMINISTRA",15
"AVIA APM SYSTEMS SUPV",6
"AVIA BUSINESS SYSTEMS SPEC",6
"AVIA COST ANALYST",6
"AVIA CUSTOMER SERVICE SUPV",6
"AVIA FACILITIES FIN COORD",6
"AVIA FUELING SYSTEMS SUPV",6
"AVIA INT DES & SPACE PLNG SUP",7
"AVIA MAINT SERVICES SUPT",7
"AVIA MARKETING SPEC",7
"AVIA PLANNER",14
"AVIA SECURITY COORD",21
"AVIA SR COST MANAGER",14
"AVIA SR PROCUR CONTRACT OFF",15
"AVIA SUPP COMPLIANCE COORD",6
"AVIA TECHNICAL SERV SUPV",6
"AVIA TELECOMM SYSTEMS SUPV",6
"AVIA TRADE DEVELOPMENT COORD",8
"AVIA VOL INFOR PROG COORD",12
"AVIA WAREHOUS &PURCH SUPV",7
"AVIATION PROJECTS DEVELOP.COOR",6
"AVIATION PROPERTY MANAGER",6
"AVIATION SECURITY MANAGER",8
"AVIATION SIGNAGE MANAGER",6
"AVIATION SYSTEMS COORDINATOR",7
"BAILIFF",806
"BCC ADMINISTRATIVE ASSISTANT",35
"BCC ADMINISTRATIVE COORD",13
"BCC ASSOCIATE AUDITOR",20
"BCC BUDGET ANALYST 3",8
"BCC BUDGET COORDINATOR",7
"BCC COMMUNITY LIAISON OFFICER",8
"BCC DIR POLICY & LEGISLATION",64
"BCC DISTRICT COORDINATOR",31
"BCC LEGISLATIVE AIDE",77
"BCC RESEARCH ANALYST",19
"BCC SENIOR RESEARCH ANALYST",6
"BCC SR BUDGET ANALYST",7
"BEACH OPER &MAINT SUPV",7
"BEACH SAFETY MANAGER",15
"BENEFITS REPRESENTATIVE",41
"BENEFITS SUPERVISOR",14
"BI ENROLLEE",6
"BIOLOGIST 1",130
"BIOLOGIST 2",125
"BLDG FIELD UNIT SUPV",20
"BLDG INSPECTOR",158
"BLDG MAINT SUPV",90
"BLDG MGT SYSTEMS OPER 2",6
"BLDG MGT SYSTEMS SUPT",6
"BLDG PLANS PROCESSOR",51
"BLDG TRADE SECTION SUPV",53
"BOND ACCOUNTANT 1",7
"BOND ACCOUNTANT 2",6
"BOND ANALYST",13
"BOOKMOBILE OPERATOR",19
"BRIDGE OPERATOR",192
"BRIDGE REPAIRER",44
"BRIDGE SUPERVISOR 1",14
"BROADCAST TECHNICIAN",8
"BUDGET ADMINISTRATOR",7
"BUILDING MANAGEMENT ASSISTANT",94
"BUS BODY TECH",204
"BUS GENERAL HELPER",109
"BUS HOSTLER",376
"BUS MAINT CTRL CLERK",52
"BUS MAINT TECH",1496
"BUS OPERATOR",10947
"BUS SHELTER SPECIALIST",12
"BUS STOCK CLERK",208
"BUS TRAFFIC CONTROL",140
"BUSINESS ANALYST",19
"BUSINESS ANALYST MANAGER",20
"BUSINESS ARCHITECT",21
"BUSINESS DEV SPEC 2",12
"BUSINESS MGT SYSTEMS ANALYST",34
"BUSINESS RESOURCES COORDINATOR",6
"BUYER",149
"C&R CHAPLAIN&MINISTRIES COOR",13
"C&R COMMISSARY SPECIALIST",47
"C&R COMMISSARY SUPV",6
"C&R COOK 1",56
"C&R COOK 2",110
"C&R FACILITIES MGR",20
"C&R FACILITIES SUPT",6
"C&R FOOD SERVICE SUPERVISOR 3",7
"C&R FOOD SERVICES SUPV 1",13
"C&R FOOD SERVICES SUPV 2",29
"C&R HUMAN RESOURCES COMMANDER",6
"C&R INMATE PROPERTY MGR",6
"C&R INMATE SERV TECH",30
"C&R INMATE SERVICES ADMIN",15
"C&R INMATE TELEPHONE SYS ADMIN",6
"C&R INVESTIGATIONS SPEC 1",53
"C&R INVESTIGATIONS SPEC 2",34
"C&R MEDICAL COMPLIANCE COORD",7
"C&R PRE-TRIAL SERV OFFICER 1",180
"C&R PRE-TRIAL SERV OFFICER 2",43
"C&R PRE-TRIAL SERV TECH",68
"C&R PROPERTY ROOM SUPV",27
"C&R PUBLIC AFFAIRS MGR",8
"C&R SENIOR LEGAL ADVISOR",6
"C&R SUPPLY SPEC",14
"C&R TRADE SUPERINTENDENT",7
"C&R WAREHOUSE SUPERVISOR",7
"CA&HSD BUSINESS PROCESS SPECIA",23
"CA&HSD DOCTORIAL INTERN",19
"CA&HSD FOOD SERV OPER MGR",7
"CA&HSD LEGAL ADVISOR",22
"CA&HSD NUTRITION SERV COORD",6
"CA&HSD NUTRITION SERV SUPV",6
"CA&HSD SECTION MANAGER",7
"CA&HSD SELF-HELP TEAM MGR",55
"CA&HSD WEATHRZTN/MAINT SUPV 2",6
"CADASTRAL TECH",97
"CADD & SURVEY MANAGER",6
"CADD SPECIALIST",14
"CADD TECHNICIAN",13
"CAMPSITE FACILITY MANAGER",7
"CAO ASSIST.AGENDA COORDINATOR",20
"CAO CLERK",13
"CAO DIR F/AGENDA COORD",7
"CAO LEGAL ADMIN ASST",7
"CAO LEGAL CLER SPEC",7
"CAO LEGAL SECRETARY",86
"CAO OFFICE MANAGER/PARALEGAL",6
"CAO PARALEGAL SPECIALIST",241
"CAO PROCUREMENT MANAGER",7
"CAPITAL IMPR PRJTS ANALYST",38
"CAPITAL INVENTORY CLERK",33
"CARPENTER",293
"CARPENTER SUPV",20
"CASHIER 1",15
"CASHIER 2",15
"CAUSEWAY SERV SPEC",24
"CENTRAL DEPOSITORY MANAGER",7
"CERT EXPEND PRGM ADM CEP P ADM",7
"CF BUDGET & FINANCIAL SERVICES",7
"CF DSWM MOSQUITO CONTROL",6
"CF DTPW OFF OF BUD&PERF REPRT",6
"CF DTPW OFF SAFETY & SECURITY",7
"CF NEG/ERP SPEC DEVELOPER",12
"CF NORTH TERMINAL DEV",7
"CF QUALITY ASSURANCE ENG DIV",7
"CF REAL ESTATE OFFICER",21
"CF SEAPORT MGT&BUDGET DIV",6
"CF SEAPORT SECURITY ENF",6
"CF SUPV INSPECTION & REPAIR",7
"CF SUPV RAIL TRANSPORTATION",7
"CF SUPV RAIL VEHICLE REPAIR",13
"CF, DTPW CONTRACT SERV DIV",7
"CF,DTPW TRANSPORT ENHANCEMENTS",8
"CF,SEAPORT FINANCIAL PERFORMAN",7
"CH ASD ADM&COLLECT DIV",6
"CH ASD SHELTER SERVICES DIV",7
"CH ASD SHLTR OPS&CD ENFR DIV",7
"CH AVIA CONCESSIONS DEV",8
"CH AVIA CONTRACTS & CONSTR",6
"CH AVIA MAINT UTILS&UB WKS",6
"CH AVIA RISK MGT & SUPPORT SER",6
"CH AVIA TELECOMMUNICATIONS",6
"CH CA&HSD",21
"CH DTPW ENGINEERING DIVISION",7
"CH DTPW FIELD/SYS ENGINEERIN",6
"CH DTPW FLD TEST ENG & ELEC SY",7
"CH ENVIRON/ED AND COMM OFF",7
"CH HIGHWAY DIVISION",7
"CH OFF OF SUSTAINABILITY",6
"CH PLANNING DIVISION",12
"CH PROS DIVISION 2",39
"CH PROTOCOL-RECOGN SPEC",7
"CH RER CODE COORDINATION",7
"CH SEAPORT ACCT&FINANCE DIV",6
"CH SEAPORT CONS MGT SERV",6
"CH SEAPORT DESIGN SERVICES",6
"CH SUPV GUIDEWAY INSPECTION",7
"CH SUPV RAIL SHOP MAINTENANCE",8
"CH SUPV RAIL TRACK MAINT",7
"CH SUPV RAIL TRAFFIC CONTROL",13
"CH TRAFFIC ENG DIVISION",6
"CH W&S BUDGET MANAGEMENT",7
"CH W&S METER OPER & MAINT",6
"CH W&S PLANT OPERATOR",40
"CH W&S PUBLIC & GOVT AFFAIRS",8
"CH W&S SMALL BUS INITIATIVE SV",6
"CH, AVIATION PLANNING",8
"CH, DTPW DIVISION 1",21
"CH, ISD LEGISLATIVE & BUS SERV",6
"CH, MIAMI-DADE FILM& ENTERTAIN",6
"CH, RER DIRECTV&BEACH PGM CRDN",7
"CH, SEAPORT PLAN& PROP DEVELOP",7
"CH,CUA FINANCE & BUDGET DIVISI",6
"CH,FIN COMPL & INTERNAL CONTRO",8
"CH,MDFR BUDGET& GRANT DIVISION",8
"CH,OF STAFF (SR. POLICY ADVIS)",7
"CH,RER ZON&PUB WS.PLAN REV DIV",7
"CH,TRAFFIC SIGNALS & SIGNS DIV",7
"CH,W&S INTERGOV AFFAIRS SECTIO",7
"CH,W&S PROCUREMENT&MATERIAL MG",8
"CHEMIST 1",28
"CHEMIST 2",38
"CHEMIST 3",7
"CHF AVIATION SAFETY & QA PROG",6
"CHF,RER ECO DEV & INTER TRADE",7
"CHF,SEAPORT CON.PRO.&MAT.MANG.",6
"CHIEF BAILIFF",7
"CHIEF DTPW PLANNING & SYS DEV",7
"CHIEF FINANCIAL OFFICER",7
"CHIEF FIRE OFFICER",505
"CHIEF MDC PROCUREMENT OFFICER",6
"CHIEF OF STAFF",73
"CHIEF OF STAFF, CLERK OF COURT",7
"CHIEF OF VETERINARY SERVICES",7
"CHIEF PORTFOLIO MGR",7
"CHIEF RER RESILIENCE OFFICER",7
"CHIEF SUPV METROMOVER",13
"CHIEF W&S DIVISION",111
"CHIEF, DTPW CAPITAL IMPROV DIV",6
"CHIEF, DTPW CONSTRUCTION",13
"CHIEF, DTPW DIVISION 2",14
"CHIEF, PA INFO. SERVICES DIV",7
"CHIEF, PROS DIVISION 1",6
"CHIEF, PROS DIVISION 3",26
"CHIEF,ANIMAL SERVICES DIVISION",6
"CHIEF,HUMAN RESOURCES DIVISION",56
"CIRCULATION SERV SUPV",39
"CITT ADMINISTRATIVE SECRETARY",6
"CITT CHIEF COMMUNICATIONS OFFI",7
"CITT FINANCIAL MANAGER",7
"CITT SENIOR EXECUTIVE SEC",7
"CITT SPECIAL PROJECTS ADMIN 1",15
"CITT SPECIAL PROJECTS ADMIN 2",7
"CLAIMS ADMINISTRATOR",8
"CLAIMS REPRESENTATIVE 1",12
"CLAIMS REPRESENTATIVE 2",46
"CLERICAL SPEC OFF OF CHR",33
"CLERK'S ATTORNEY",7
"CLERK'S FINANCE DIRECTOR",6
"CLERK 2",215
"CLERK 3",527
"CLERK 4",827
"CLERK CIRCUIT & COUNTY COURT",7
"CLERK OF BOARD ADMIN AIDE",6
"CLERKS ASSISTANT FINANCE DIREC",8
"CLINICAL PSYCHOLOGIST 1",12
"CLK'S CHF INFO & INNOVAT OFICR",6
"CODE ENFORCEMENT MANAGER",6
"COMM ADVOCACY PROG OFF 2",19
"COMM DIR,COMMISSION ON ETH& PT",6
"COMMANDER MDPD INFO SERV",7
"COMMANDER, POLICE LEGAL BUREAU",7
"COMMISSION AIDE",441
"COMMISSION OFFICE ASSISTANT",7
"COMMISSION REPORTER",67
"COMMISSIONER MIAMI DADE CTY",86
"COMMSN INFO SYSTEM ANALYST",7
"COMMSN MEDIA AIDE",21
"COMMUNICATION ADVERT SPECL",7
"COMMUNICATION SERV REP 1",21
"COMMUNICATION SERV REP 2",35
"COMMUNICATIONS GRAPH SRV MGR",8
"COMMUNICATIONS MANAGER",25
"COMMUNITY ADVOCACY PROG OFF 1",27
"COMMUNITY FAM SERV WORKER",103
"COMMUNITY IMAGE MANAGER",7
"COMMUNITY OUTREACH COORDINATOR",6
"COMP SERVICES SENIOR MGR",14
"COMPUTER OPER SPEC 1",32
"COMPUTER OPER SPEC 2",59
"COMPUTER OPER SUPP CLK 2",27
"COMPUTER OPERATIONS SUPV",33
"COMPUTER SERVICES MGR",46
"COMPUTER TECHNICIAN 1",53
"COMPUTER TECHNICIAN 2",363
"COMPUTER TECHNICIAN SUPV",7
"CONSERVATION & RESEARCH SPEC",7
"CONSOLE SECURITY SPEC 1",134
"CONSOLE SECURITY SPEC 2",73
"CONSTR&RENOVATION SPEC",13
"CONSTRUCT COST ESTIMATOR 2",38
"CONSTRUCTION CONTRACTS SPECIAL",12
"CONSTRUCTION FIELD REP",13
"CONSTRUCTION MANAGER 1",118
"CONSTRUCTION MANAGER 2",242
"CONSTRUCTION MANAGER 3",245
"CONSTRUCTION SPECIFIC WRITER",7
"CONSTRUCTION&RENOV SUPV 1",40
"CONSTRUCTION&RENOV SUPV 2",14
"CONSUMER ADVOCATE",7
"CONSUMER PROT ENF OFFICER",27
"CONSUMER PROT INVST ANALYST",33
"CONSUMER SERVS CUST CLK",6
"CONTRACT CERT SPECIALIST 1",26
"CONTRACT CERT SPECIALIST 2",32
"CONTRACT COMPLIANCE SPEC 1",6
"CONTRACT COMPLIANCE SPEC 2",58
"CONTRACTS OFFICER",162
"CONTRACTS OVERSIGHT SPEC OIG",20
"CONTRACTS& PURCH SERVICE MANAG",8
"CONTROLLER",6
"CONTROLLER DSWM",7
"CONVENTION TOURISM TAX MGR",7
"CONVENTION/TOURIST TAX EX 1",8
"CONVENTION/TOURIST TAX EX 2",12
"COOK 1",19
"COOK 3",6
"CORRECTIONAL AIDE",16
"CORRECTIONAL BUREAU COMMDR",42
"CORRECTIONAL CAPTAIN",66
"CORRECTIONAL CORPORAL",1595
"CORRECTIONAL COUNSELOR 1",118
"CORRECTIONAL LIEUTENANT",268
"CORRECTIONAL OFFICER",10809
"CORRECTIONAL PROP CUSTODIAN",197
"CORRECTIONAL SERGEANT",971
"CORRECTIONS DIVISION CHIEF",48
"CORRECTIONS FIRE INSP SPEC",15
"CORRECTIONS TECHNICIAN",1350
"COUNSELOR FOR DISABLED",14
"COUNTY ATTORNEY",6
"COUNTY COMMISSION CLERK 2",182
"COUNTY COMMISSION CLERK 3",78
"COUNTY EXEC OFFICE CLERK",6
"COUNTY RECORDER ASSISTANT CHF",8
"COURT OPERATIONS OFFICER 1",87
"COURT OPERATIONS OFFICER 2",71
"COURT RECORDS SPEC 1",1312
"COURT RECORDS SPEC 2",893
"COURT RECORDS SUPV 1",87
"COURT RECORDS SUPV 2",281
"COURT RECORDS SUPV 3",99
"COURTROOM CLERK 1",1640
"COURTROOM CLERK 2",513
"COURTS ACCOUNTANT 4",32
"COURTS ADMIN SECRETARY",32
"COURTS ASSISTANT HR MANAGER",7
"COURTS AUDIT MANAGER",6
"COURTS AUDITOR",7
"COURTS CLERC OPERATIONS SPEC",26
"COURTS COMPTROLLER ADMIN AIDE",13
"COURTS CONT & PROC OFFICER",6
"COURTS ELECTRONIC OPERS SPEC",13
"COURTS EVIDENCE RECORDS SPEC",21
"COURTS FINANCIAL ANALYST",13
"COURTS FINANCIAL OPERATION OFF",40
"COURTS HR ADMIN ASSISTANT",6
"COURTS HR OFFICER",6
"COURTS HR OPERATIONS SPEC 2",21
"COURTS HR OPERATIONS SPEC. 1",7
"COURTS HR SUPERVISOR",7
"COURTS JURY POOL MANAGER",6
"COURTS LEGAL OPERATIONS AIDE",7
"COURTS LEGAL OPERATIONS MGR.",7
"COURTS MAIL CENTER CLERK",19
"COURTS MAIL CENTER SUPV",7
"COURTS MAIL OPERATION ASST",6
"COURTS MAIL OPERATIONS OFFICER",6
"COURTS PROCUREMENT MANAGER",6
"COURTS PROCUREMENT OFFICER",7
"COURTS PROCUREMENT SERV ASST",7
"COURTS PROJECT MANAGER",20
"COURTS SENIOR AUDITOR",7
"COURTS SR PROCUREMENT OFF",14
"CRANE & MAINT SUPPLY SUPV",7
"CREDIT & COLLECTIONS REPRESENT",21
"CREDIT & COLLECTIONS SUPV",27
"CREDIT&COLLECTION RECOVERY CLK",7
"CRIMINALIST 1",77
"CRIMINALIST 2",177
"CULT AFFRS CONSTR PROJ MGR",37
"CULT AFFRS FINAN SERV MGR",6
"CULT AFFRS PROJ ADMIN",81
"CULTURAL AFFAIRS CAPITAL PJ CH",6
"CULTURAL AFFAIRS INSTRUCTOR",28
"CULTURAL AFFRS PROJ MGR",7
"CURATOR OF BIRDS",6
"CURATOR OF ECTOTHERMS",7
"CURRICULUM SPECIALIST",13
"CUSTODIAL WORKER 1",132
"CUSTODIAL WORKER 2",420
"CUSTODIAL WORKER SUPV 2",12
"CUSTODIAL WORKER SUPV 3",7
"CUSTOMER SERV MGR",14
"CUSTOMER SERV SUPV 1",86
"CUSTOMER SERV SUPV 2",45
"DATA ENTRY SPECIALIST 1",108
"DATA ENTRY SPECIALIST 2",101
"DATA ENTRY SUPERVISOR",19
"DATABASE ADMINISTRATOR",39
"DATABASE MANAGER",7
"DEERING EST BUSINESS MGR",6
"DEERING EST EDUC SPEC",7
"DEERING EST EXH&COLL COORD",6
"DEERING EST GRD MAINT COORD",8
"DEERING EST MARKETING SPEC",6
"DEERING EST NAT RES PROG MGR",6
"DEERING EST SPEC EVNTS COORD",6
"DEERING ESTATE EXHIBITION CORD",7
"DEERING ESTATE RENO&RSTR TECH",6
"DEERING ESTATE VIST SERV COORD",7
"DEP CH OF STAFF, COUNTY COMM",13
"DEP DIR AUDIT & MGT SERV",6
"DEP DIR DTPW OPERATIONS",6
"DEP DIR MD AVIA DEPT",7
"DEP DIR MIAMI DADE POLICE DEPT",7
"DEP DIR OFF OMB",6
"DEP SUPV ELEC,ELECTR VOTING",6
"DEP SUPV OF ELECTIONS",33
"DEP W&S DIRECTOR",19
"DEPARTMENT ASSISTANT CONTROLLE",26
"DEPARTMENTAL ADA COORDINATOR",7
"DEPARTMENTAL ADMIN COORD",53
"DEPARTMENTAL PERSONNEL RCD OFF",14
"DEPARTMENTAL PROCUREMENT SUPER",6
"DEPT CONTRACTS&PROCUREMENT MGR",13
"DEPT RECORDS SUPERVISOR",12
"DEPUTY DIR,DEPT OF CULTURAL AF",8
"DEPUTY DIR,RER REGULATORY SERV",7
"DEPUTY DIRECTOR ECONOMIC DEV",6
"DEPUTY DIRECTOR SEAPORT",8
"DEPUTY DIRECTOR, DTPW",13
"DEPUTY DIRECTOR, MPO",6
"DEPUTY DIRECTOR,DSWM",7
"DEPUTY FINANCE DIRECTOR",6
"DEPUTY INSPECTOR GENERAL, OIG",6
"DEPUTY MAYOR",27
"DEPUTY, PROPERY APPRAISER",6
"DESIGN CONSTR MGR",7
"DIR ADA COORDINATION",6
"DIR AUDIT & MGT SERV",8
"DIR BOND ADMINISTRATION DIV",6
"DIR BUILDING TRADE DIV",20
"DIR CA&HSD",6
"DIR CA&HSD ENG PROGRAMS DIV",8
"DIR CA&HSD FISCAL MGT DIV",6
"DIR CA&HSD GREAT MIA SERV CORP",6
"DIR CA&HSD SELF-HELP INSTIT DI",7
"DIR CASH MANAGEMENT DIV",7
"DIR CIVIL & LAND SALES OPER",7
"DIR CLK'S STRATEGIC MGT & BUD",6
"DIR DEPT OF CORR & REHAB",7
"DIR DEPT OF CULTURAL AFFAIRS",8
"DIR DISTRICT OPERATIONS DIV",6
"DIR INTERGOV AFFAIRS",7
"DIR JUVENILE SERVICES DEPT",6
"DIR LEGAL AID SOC",7
"DIR MD AVIATION DEPT",7
"DIR MD POLICE DEPT",6
"DIR MDC E & PTC",7
"DIR METRO PLANNING ORG",6
"DIR OF LAB MED EX",6
"DIR OF LAW LIBRARY",6
"DIR OF LIBRARIES",7
"DIR OF OPER MEDICAL EXAMINER",6
"DIR OMB",8
"DIR PHCD",6
"DIR PHCD CONTRACT ADMIN",6
"DIR REHAB SERVS DIV",7
"DIR RER COMPLIANCE DIVISION",6
"DIR RER INFO & PERM SUPP DIV",7
"DIR SEAPORT GOVT&INTL AFFAIRS",6
"DIR SHARED SERVICES PROG",7
"DIR TECH SERV, CIRC&COUNTY CRT",8
"DIR TRAFFIC & MISDEMEANOR OPER",7
"DIR, COOPERATIVE EXTENSION DIV",7
"DIR, MD ANIMAL SERVICES DEPT.",7
"DIR,PARKS,REC & OPEN SPACES",7
"DIR., EX-OFFICIO OPERATIONS",6
"DIRECTOR ISD",8
"DIRECTOR, COMMUNICATIONS",7
"DIRECTOR, HUMAN RESOURCES DEPT",6
"DIRECTOR, PA DIVISION",36
"DIRECTOR,CLERK OF THE BOARD",8
"DIRECTOR,MD SEAPORT DEPARTMENT",6
"DIRECTOR,MD WATER & SEWER DEPT",7
"DISABILITY PROGRAMS SPECIALIST",49
"DISABLED SERVICES  SPEC",8
"DISTRICT 9 DEPUTY CH OF STAFF",7
"DIV CH RECOVERY & MITIGATION",8
"DIV DIR 1 AVIATION",12
"DIV DIR 2 AVIATION",80
"DIV DIR 3  AVIATION",61
"DIV DIR DSWM BUD & PRF TRK",6
"DIV DIR ITD",55
"DIV DIR, JSD ADMIN SUP & RES",7
"DIV DR DSWM TECH SERV&ENV AFF",6
"DIV,DIR,ISD STRATEGIC PROCUREM",6
"DIV. DIR, 311 COMMUNICATION DP",6
"DIV.DIR.,FIRE EMER. MANAGMENT",6
"DIVISION CHIEF 1, DSWM",7
"DIVISION CHIEF 2, DSWM",6
"DIVISION CHIEF 3, DSWM",52
"DIVISION DIR JSD OPERATIONS",7
"DIVISION DIRECTOR 2,ISD",55
"DIVISION DIRECTOR, HR",27
"DIVISION DIRECTOR, PHCD",6
"DR, FINANCE SYSTEMS DIVISION",7
"DRAFTING SPECIALIST",72
"DRIVER ATTENDANT",107
"DRIVER MESSENGER",67
"DSMW RECYCLING MANAGER",7
"DSWM COLLECTION SPECIALIST",6
"DSWM CONTRACTS COMPL ANALYST",7
"DSWM CONTRACTS COMPL SUPV",6
"DSWM CREDIT&COLLECT MGR",8
"DSWM ENFORCE&COLL CLERK",27
"DSWM ENVIRON AFFAIRS MGR",6
"DSWM FLEET MAINTENANCE COORD",14
"DSWM HOME CHEMICAL SUPV",7
"DSWM INTERGOV AFFAIRS COORD",7
"DSWM LANDFILL SUPERINTENDENT",32
"DSWM MAINTENANCE SUPT",13
"DSWM OPS MGT& ROUTE PERF COOR",6
"DSWM PERMITS SUPERVISOR",7
"DSWM RES&RECOV ADMIN",8
"DTPW BODY PAINT SHOP SUPV",18
"DTPW CONTRACTS COMPL OFFR",20
"DTPW CONTROLLER",7
"DTPW CURRENCY PROCESSOR",103
"DTPW ELEC TECH",109
"DTPW ELEC TECH/LAB",61
"DTPW ELEC TECH/RADIO",76
"DTPW ELECTRONIC TECH SUPV",73
"DTPW ELECTRONIC TECH/SYST",207
"DTPW ELEV CONTRACT SUPV",7
"DTPW ELIGIBILTY SUPV",7
"DTPW ESY CARD FINANCIAL MANAGR",6
"DTPW FAC MAINT CONTROL CLK",25
"DTPW FACILITIES EQUIP TECH",284
"DTPW FACILITIES REPAIRER",13
"DTPW FACILITIES SUPT",32
"DTPW FACILITIES SUPV",52
"DTPW FIELD TECH 1",6
"DTPW FIELD TEST ENGINEER",94
"DTPW FINANCL REV & AUDTG SUPV",6
"DTPW GENERAL SUPERINTENDENT",22
"DTPW HYDRA MECH",12
"DTPW INVENTORY CONTROL SPEC",7
"DTPW LICENSING CLERK",13
"DTPW LOSS PREVENTION COORDIN",7
"DTPW MAINT PROD COORD",95
"DTPW MECHANIC SHOP SUPV",212
"DTPW NEW BUSINESS ADMIN",6
"DTPW OPER SCHEDULER",7
"DTPW OPERATION SUPV",472
"DTPW OPERATIONS ADMIN.",6
"DTPW OPERATIONS COORDINATOR",7
"DTPW OPERATIONS OFFICER",12
"DTPW OPR/MAIN TRAINING SUPV",12
"DTPW OPR/MAINT INSTRUCTOR",163
"DTPW PAINTER SUPERVISOR",6
"DTPW PARATRANSIT SUPT SPEC 1",7
"DTPW PARATRANSIT SUPT SPEC 2",13
"DTPW PARATRANST OPER SUPV",13
"DTPW PLANNER 2",40
"DTPW PLANNING SECTION SUPV",6
"DTPW PRF CONTRACTS SPEC",7
"DTPW PRKING ENFORCEMNT SPEC",28
"DTPW PROJECTS INSPECTOR 1",63
"DTPW PROJECTS INSPECTOR 2",52
"DTPW PROPERTY MANAGER",33
"DTPW PROPERTY MGT SUPV",7
"DTPW PUR & STR SUPV",45
"DTPW QUALITY ASSUR ANYST",6
"DTPW QUALITY ASSURANCE SPEC",35
"DTPW RAILVEH. TECH/TRACK&GUIDE",40
"DTPW REV COLLS",165
"DTPW REV COLLS SUPV 1",28
"DTPW REV COLLS SUPV 2",7
"DTPW REV PROCESSING SUPV 1",22
"DTPW REV PROCESSING SUPV 2",7
"DTPW REVENUE PROC CLRK",35
"DTPW SAFETY OFFICER",32
"DTPW SECTION CHIEF",70
"DTPW SECTION MANAGER",7
"DTPW SECURITY MANAGER",6
"DTPW SECURITY PROGRAM SUPV",29
"DTPW SENIOR FACILITIES MANAGER",7
"DTPW SERVICE CENTER MGR",7
"DTPW SERVICE CENTER SUPV 1",8
"DTPW SERVICE CENTER SUPV 2",26
"DTPW SERVICE CLERK",50
"DTPW SERVICE SPECIALIST 1",86
"DTPW SERVICE SPECIALIST 2",38
"DTPW STOCK CONTROL OFFICER",12
"DTPW SUPERINTENDENT",74
"DTPW SUPERVISOR",6
"DTPW SYSTEM SAFETY MANAGER",7
"DTPW SYSTEM SAFETY SUPV",20
"DTPW WELDER",8
"DTPW YARD SUPV",20
"DTPW, DIRECTOR",7
"DTPWCONST & FACILITIES MONITOR",515
"DUPLICATING EQUIPMENT OPER",13
"DUPLICATION EQUIPMENT SUPV",7
"EDP AUDIT MANAGER",6
"EDUCATION AND OUTREACH MANAGER",6
"EDUCATION SERV MGR",6
"ELECT CAMPAIGN QUAL COORDINATO",8
"ELECTIONS FIELD SPECIALIST",15
"ELECTIONS GIS SPECIALIST",6
"ELECTIONS LOGISTICS SUPV",12
"ELECTIONS LOGISTICS TECHNICIAN",36
"ELECTIONS OPERATIONS ADMIN",14
"ELECTIONS PROCEDURES SPEC",12
"ELECTIONS SECTION MANAGER",43
"ELECTIONS SUPERVISOR",64
"ELECTIONS SUPPORT SPECIALIST",92
"ELECTIONS TABULATION MANAGER",6
"ELECTRICAL FIELD UNIT SUPV",7
"ELECTRICAL INSPECTOR",72
"ELECTRICAL PLANS PROCESSOR",40
"ELECTRICIAN",251
"ELECTRICIAN SUPERVISOR",38
"ELECTRONIC DOCUMENT TECH",63
"ELECTRONIC ELECT EQUIP TECH 1",64
"ELECTRONIC ELECT EQUIP TECH 2",52
"ELECTRONIC ELECTRIC EQUIP SUPV",21
"ELECTRONIC PARTS SPECIALIST",27
"ELEVATOR CONTRACT COORDINATOR",6
"ELEVATOR CONTRACT SPECIALIST",12
"ELEVATOR FIELD INSPECT SUPV",6
"ELEVATOR INSPECTOR",48
"ELEVATOR PROCESSING SPEC",21
"ELEVATOR REGULATION CODE SUPV",7
"ELEVATOR SECTION SUPERVISOR",7
"ELIGIBILITY INTERVIEWER",240
"ELIGIBILITY SUPERVISOR",37
"EMD QUALITY ASSURANCE SPEC 2",20
"EMERGENCY MGT COORD",46
"EMERGENCY MGT PLANNER",40
"EMERGENCY MGT SPEC",8
"EMINENT DOMAIN ADMINISTRATOR",8
"EMPL. RECOGNITION COORDINATOR",6
"EMPLOYEE DEVELOPMENT SPEC 2",12
"EMPLOYEE RECOGNITION ASSISTANT",7
"EMS QUALITY ASSURANCE ADMIN",7
"EMS SUPPORT CLERK",58
"ENERGY MANAGEMENT ANALYST",6
"ENG SURVEY TECH SUPV",91
"ENGIN SURVEY TECH 1",64
"ENGIN SURVEY TECH 2",72
"ENGINEER 1",211
"ENGINEER 2",537
"ENGINEER 3",253
"ENGINEER 4",28
"ENGINEERING PERMIT CLK 2",33
"ENVIRONMENTAL CODE ENF OFF 1",28
"ENVIRONMENTAL CODE ENF OFF 2",37
"ENVIRONMENTAL RES PROJ SUPV",276
"ENVIRONMENTAL RESOURCE ASST",12
"ENVIRONMENTAL SECTION SUPV",6
"ENVIRONMENTAL SPEC SUPV",122
"ENVIRONMENTAL TECHNICIAN 2",137
"ERP BUSINESS ANALYST 2",33
"ERP BUSINESS ANALYST 3",27
"ERP DEVELOPER 2",6
"ERP SECURITY ADMINISTRATOR 2",14
"ERP SENIOR DEVELOPER",82
"ERP SYSTEMS ADMINISTRATOR",22
"ERP SYSTEMS SUPPORT MANAGER",18
"EX-PARTE CLERK",72
"EXAMINATIONS TECHNICIAN",13
"EXC SENIOR BUREAU COMMANDER",7
"EXEC ASST DEPARTMENT DIR",61
"EXEC DIR DOMESTIC VIOL OV BD",7
"EXEC DIR HOMELESS TRUST",6
"EXEC DIR MDEAT",7
"EXEC DIR, COMMUNITY ADVOCACY",7
"EXEC SECRETARY TO CLERK",13
"EXECUTIVE ASSIST TO PROP APPRA",6
"EXECUTIVE ASSISTANT",8
"EXECUTIVE ASSISTANT TO BCC",33
"EXECUTIVE DIR, OFFICE OF CITT",7
"EXECUTIVE DIRECTOR, SFWIB",8
"EXECUTIVE SECRETARY",403
"EXTENSION AGENT",53
"FACILITIES MAINT CONTRS SPEC",20
"FARM WORKER TRAINEE 1",209
"FEDERAL AFFAIRS COORDINATOR",8
"FILM & ENTERTAIN PERMIT COORD",8
"FIN REG COMPLIANCE ADMIN",7
"FINANCE & BUDGET ADMIN 1",20
"FINANCE AND BUDGET ANALYST",6
"FINANCE CHIEF",33
"FINANCE COLL&ENFORCEMENT OFF",104
"FINANCE COLLECTION SPECIALIST",206
"FINANCE CREDIT & COLLECTION MG",8
"FINANCE INFO SYS ADMIN",6
"FINANCE INFORMATION SPECIALIST",7
"FINANCE SECTION ASSISTANT MGR",30
"FINANCE SECTION MANAGER",25
"FINANCE SHARED SERV SPEC 1",39
"FINANCE SHARED SERV SPEC 2",12
"FINANCE SHARED SERV SUPV",8
"FINANCE SHARED SERV TECH",93
"FINANCE SYSTEMS SUPPORT ADMIN",6
"FINGERPRINT ANALYST 1",98
"FINGERPRINT ANALYST 2",25
"FINGERPRINT SUPERVISOR",14
"FINGERPRINT SUPT",6
"FIRE & RESCUE DIVISION MGR",13
"FIRE CAPTAIN",1441
"FIRE CHIEF",6
"FIRE CODE COMPLIANCE ADMIN.",14
"FIRE DEPT HELICOPTER CO PILOT",51
"FIRE DEPT HELICOPTER PILOT",68
"FIRE DIVISION CHIEF",58
"FIRE LIEUTENANT",2827
"FIRE MANAGEMENT ANALYST ADMIN",12
"FIRE PLANS PROCESSOR",58
"FIRE RESCUE DISPATCHER",374
"FIRE RESCUE DISPATCHER SUPV",63
"FIRE RESCUE FLEET SUPPORT SPEC",24
"FIRE RESCUE PROCESSING SPEC 1",71
"FIRE RESCUE PROCESSING SPEC. 2",14
"FIRE RESCUE SECTION MANAGER",6
"FIRE RESCUE SENIOR DIV MGR",7
"FIRE RESCUE SUPPLY SUPERVISOR",12
"FIRE RESCUE TELECOM COOR",7
"FIRE SAFETY SPECIALIST 1",343
"FIRE SAFETY SPECIALIST 2",145
"FIRE SUPPLY BUREAU SUPERVISOR",6
"FIRE&LIFE SAFETY TRAINING REP",7
"FIREFIGHTER",8206
"FIRST ASST COUNTY ATTORNEY",7
"FLEET ADMINISTRATIVE MANAGER",6
"FLEET MANAG. ASSIST SERV. MGR.",7
"FLEET MANAGEMENT ANALYST 1",18
"FLEET MANAGEMENT ANALYST 2",8
"FLEET MANAGEMENT CLERK",26
"FLEET MGT ASST FACILITY SUPV",109
"FLEET MGT FACILITY SUPERVISOR",116
"FLEET MGT SERVICE MANAGER",12
"FLEET OPERATIONS COORDINATOR",6
"FLOOD PLAIN CONSTRUCTION INSP",34
"FLOOD PLAIN PROGRAM SUPV",14
"FOOD SERVICE MANAGER",13
"FOOD SERVICE WORKER 1",48
"FOOD SERVICE WORKER 2",18
"FORECLOSURE&TAXDEEDOPERASSISTA",6
"FORENSIC EVIDENCE RECOV SUPV",7
"FORENSIC EVIDENCE TECHNICIAN",105
"FORENSIC INVESTIGATIONS ASST",20
"FORENSIC INVESTIGATOR",15
"FORENSIC MATERIAL SPECIALIST",6
"FORENSIC PATHOLOGY FELLOW",19
"FORENSIC PHOTOGRAPHER",21
"FORENSIC PHOTOGRAPHER SUPV",6
"FORENSIC RECORDS TECHNICIAN",19
"FORENSIC TECHNICIAN",14
"FORENSIC/TOX LAB TECHNICIAN",6
"FOSTER GRANDPARENT",714
"FOSTER GRANDPARENT COOD",6
"FOSTER GRANDPARENT SUPV",14
"GEN AVIATION BUSINESS DEV COOR",6
"GENERAL COUNSEL, OIG",8
"GIS GRAPHICS TECHNICAN 2",21
"GIS SPECIALIST",21
"GOLF CLUBHOUSE MANAGER",42
"GOLF CLUBHOUSE MANAGER 2",13
"GOLF CLUBHOUSE MANAGER 3",14
"GOLF COURSE LABORER",180
"GOLF IRRIGATION MANAGER",7
"GOLF MARKETING COORDINATOR",6
"GOLF SUPERINTENDENT 2",34
"GOLF SUPERINTENDENT 3",8
"GOLF SUPERINTENDENT 4",7
"GRANTS COORDINATOR",8
"GRANTS SPECIALIST",40
"GRANTS SUPERVISOR",14
"GRAPHIC DESIGNER",87
"GRAPHIC DESIGNER SUPERVISOR",7
"GRAPHICS MANAGER",24
"GRAPHICS TECHNICIAN",31
"GRAPHICS TYPESETTER",8
"GROUNDWATER MODELING PRG COORD",7
"GROUP SALES SPECIALIST",41
"GTR MIAMI SERV CO TEAM SUPV",28
"GUARD",139
"GUARD AD LITEM COORDINATOR",7
"GUARD SUPERVISOR",6
"GUARDIAN AD LITEM LEGAL ADV",13
"GUEST SERVICES MANAGER",6
"GUEST SERVICES REPRESENTATIVE",205
"GUIDEWAY  INSPECTION SPEC",53
"HEAVY DUTY CRANE OPERATOR",36
"HEAVY EQUIPMENT TECHNCIAN",719
"HEAVY TRUCK TIRE REPAIRER",81
"HISTORIC PRESERVATION CHIEF",7
"HISTORIC PRESERVATION SPEC",6
"HOME CARE AIDE",421
"HOME CARE AIDE SUPERVISOR",39
"HOMELESS TRUST CONTR MON",13
"HOMELESS TRUST HOUSING COORDIN",6
"HORTICULTURAL SPECIALIST",45
"HORTICULTURIST",19
"HOUSING INSPECTOR 1",34
"HOUSING INSPECTOR 2",7
"HOUSING SPECIALIST",53
"HR BUSINESS SYSTEMS ANALYST",12
"HR CLINICIAL SUPPORT SRVS CNSL",12
"HR COORDINATOR",7
"HR FINANCE & BUDGET SPECIALIST",6
"HR OPERATIONS SUPPORT COORD",7
"HR PERSONNEL SERVICES SPEC",81
"HR PROGRAM COORDINATOR",6
"HR RECORDS TECHNICIAN",21
"HR SECTION MANAGER",26
"HR SECTION SUPERVISOR",26
"HR SERVICES CLERK",24
"HR SERVICES COORDINATOR",12
"HR SUPPORT SERVICES COOR.",15
"HR SUPPORT SERVICES SPECIALIST",13
"HRIS SPECIALIST",76
"HRIS TECHNICIAN",6
"HUMAN RESOURCES MANAGER",138
"HUMAN RIGHTS&FAIR EMPL SR SPEC",13
"HUMAN RIGHTS&FAIR EMPLY SPEC",34
"HYDROGEOLOGIST 1",13
"HYDROGEOLOGIST 2",42
"HYDROGEOLOGIST 3",26
"IMAGING RECORDS TECHNICIAN",146
"INCOME EVALUATION SPEC",369
"INFORMATION OFFICER",68
"INFORMATION TECH SPECIALIST",47
"INSPECTOR GENERAL",7
"INSURANCE DATA SUPERVISOR",6
"INTERGOVT AFFAIRS COORD",6
"INTERGOVT&CARGO DEV MGR",7
"INTERIOR DESIGN SPECIALIST",46
"INTERPRETIVE PROGRAM LEADER",113
"INTERPRETIVE PROGRAMS ATTENDNT",156
"INTERPRETIVE PROGRAMS MANAGER",6
"INTERPRETIVE PROGRAMS SUPERVIS",20
"INVENTORY CLERK",141
"INVEST ANALYST OFF INSP GEN",7
"INVEST ANALYST SUPV OIG",6
"INVESTIGATOR 1",14
"INVESTIGATR MDC ETHIC&PUB TRST",36
"INVESTMENT PORTFOLIO CLERK",12
"INVESTMENT PORTFOLIO SPEC",7
"ISD ASST PHYS PLANT MGR",8
"ISD BUILDING MANAGER",90
"ISD ELEVATOR CONTRACTS ADMIN",7
"ISD FISCAL MANAGER",7
"ISD GRAPHICS SERVICE MGR",7
"ISD INVENTORY & SUPPLY SPC",70
"ISD MGR EQUIPMENT SERVICES",6
"ISD OPERATIONS COORDINATOR",41
"ISD PARKING OPERATIONS MANAGER",7
"ISD PARKING OPERATIONS SUPERV",6
"ISD PROGRAM COORDINATOR",7
"ISD PROGRAM MANAGEMENT MANAGER",20
"ISD REAL ESTATE MANAGER",6
"ISD RECORDS CUSTODIAN",6
"ISD SECURITY MGT INSPECTOR",52
"ISD SECURITY SUPERVISOR",36
"ISD SERVICES CLERK",26
"ISD SUPPLY SUPERVISOR",6
"ISD SURPLUS PROPERTY SUPV",6
"ISD UTILITY PLANT OPERATOR",32
"ISD,DIV.DR.ACQUIS.& SOURCING",7
"IT CONTRACTS & PROCUR OFF",21
"IT CONTRACTS & PROCUR SPEC",7
"IT CONTRACTS & PROCUREMENT MGR",7
"IT PROJECT MANAGER",26
"IT PURCHASING SPECIALIST",14
"IT SR CONTRACTS &PROC. OFFICER",30
"ITD AGILE COACH",7
"ITD BUSINESS RELATIONSHIP MGR.",20
"ITD DIRECTOR",6
"ITD ENTERPRISE PORTFOLIO MANGR",6
"ITD INFRASTRUCTURE SYS ENG",14
"ITD INFRASTRUCTURE SYS MGR",13
"ITD INNOVATIONS MANAGER",6
"ITD PROGRAM MANAGER",6
"ITD RADIO SYSTEMS MANAGER",14
"ITD SR INFRASTRUCTURE ENG",47
"JA ADMINISTRATIVE ASSISTANT 2",33
"JA ADMINISTRATIVE OFFICER 3",6
"JA ADMINISTRATIVE SECRETARY",12
"JA AV TECHNICAL SPECIALIST",6
"JA CHIEF FINANCIAL OFFICER",7
"JA CHIEF INFORMATION OFFICER",6
"JA CLERK 2",55
"JA COMMUNICATIONS ENGINEER",7
"JA COMP SERVICES MANAGER",28
"JA COMPUTER SERV. PROJECT MANG",6
"JA COMPUTER TECH SUPV",7
"JA COMPUTER TECHNICIAN 2",21
"JA COURT INTERPRETER",6
"JA COURT SECURITY MONITOR",88
"JA COURT SECURITY SPECIALIST",76
"JA INFORMATION CLERK",14
"JA LEGAL SECRETARY 2",61
"JA MAIL CENTER CLERK",20
"JA NETWORK MANAGER 1",13
"JA NETWORK MANAGER 2",7
"JA NETWORK SUPPORT SUPV",6
"JA PERSONNEL SPECIALIST",7
"JA SENIOR EXECUTIVE SECRETARY",6
"JA SR SYSTEMS ANALYST PROG",13
"JA STATISTICAL ANALYST",13
"JA SUPERVISED VISITATION SPEC.",28
"JA SYSTEM ANALYST/PROG 2",40
"JA TECH TRAINING SPEC 3",7
"JA TELECOMMUNICATIONS ADMIN",6
"JA VIDEO COMM. SPECIALIST",6
"JA VIDEO PRODUCTION ASSISTANT",13
"JOB DEVELOPER",7
"JOB TRAINING ASSISTANT",6
"JOB TRAINING PROGRAM ADMIN",6
"JSD CIVIL CITATION SPECIALIST",7
"JSD FISCAL & HUMAN RESOURCE MG",7
"JSD GRANT & FISCAL COORDINATOR",6
"JSD PREVENTION COORDINATOR",7
"JSD STATISTICS & RESEARCH SPEC",7
"JUDICIAL SERVICES COORD 1",74
"JUDICIAL SERVICES COORD 2",72
"JUDICIAL SUPPORT ADMIN 1",27
"JUDICIAL SUPPORT ADMIN 2",79
"JUDICIAL SUPPORT ADMIN 3",28
"JUDICIAL SUPPORT SPEC 1",67
"JUDICIAL SUPPORT SPEC 2",54
"JUNIOR PLANNER",8
"JUSTICE ASSISTANCE PROG DIR",7
"JUVENILE ASMNT SUPV",28
"JUVENILE ASSMNT COUNSELOR",274
"JUVENILE ASSMT COUN SUPV 1",47
"JUVENILE SERVICES SPEC",8
"JUVENILE SUPPORT CLERK",6
"JUVENILE SUPPORT SPECIALIST 1",6
"JUVENILE SUPPORT SPECIALIST 2",7
"LABOR RELATIONS ADMIN. ASSIST.",8
"LABOR RELATIONS MANAGER",15
"LABOR RELATIONS OFFICER",6
"LABOR RELATIONS SPECIALIST",14
"LABOR SUPV 3",347
"LABORATORY DATA REPORTING CORD",6
"LABORATORY TECHNICIAN",64
"LABORER",39
"LANDFILLS SYSTEM MECHANIC",21
"LANDSCAPE ARCH DRAFTER 2",6
"LANDSCAPE ARCHITECT 1",6
"LANDSCAPE ARCHITECT 2",20
"LANDSCAPE ARCHITECT 3",6
"LANDSCAPE ARCHITECT 4",7
"LANDSCAPE ATTENDANT",293
"LANDSCAPE MAINT INSPECTOR 1",55
"LANDSCAPE MAINT INSPECTOR 2",13
"LANDSCAPE SUPV 1",34
"LANDSCAPE SUPV 2",33
"LANDSCAPE SUPV 3",57
"LANDSCAPE TECH. SUPERVISOR 1",21
"LANDSCAPE TECH. SUPERVISOR 2",33
"LANDSCAPE TECH. SUPERVISOR 3",12
"LANDSCAPE TECHNICIAN",306
"LANDSIDE OPERATIONS EQUIP SP",35
"LANDSIDE OPERATIONS OFFICER 1",660
"LANDSIDE OPERATIONS OFFICER 2",89
"LANDSIDE OPERATIONS SR OFF",47
"LATENT FINGERPRINT EXAMINER",57
"LAUNDRY MANAGER",7
"LAW LIBRARY EXECUTIVE ASSISTAN",7
"LEAD CTY COMMSN CLER SPEC",6
"LEAD SITE SUPERVISOR",19
"LEAK DETECTION FIELD SUPVR",7
"LEGAL AID ATTORNEY",124
"LEGAL AID HUM RES&TECH COORD",7
"LEGAL AID OFFICER MANAGER",6
"LEGAL AID SECRETARY 1",27
"LEGAL AID SECRETARY 2",63
"LEGAL AIDE PARALEGAL SPEC",6
"LEGAL AIDE RECEPTIONIST",8
"LEGAL CLAIMS ADJUSTER",32
"LEGAL LIAISON",6
"LEGAL SECRETARY 1",6
"LEGAL SECRETARY 2",7
"LIABILITY CLAIMS ADJUSTER",60
"LIABILITY CLAIMS COORDINATOR",13
"LIABILITY CLAIMS INVESTIGATOR",41
"LIABILITY CLAIMS MANAGER",6
"LIABILITY CLAIMS SPECIALIST",6
"LIABILITY LEGAL CLAIMS INVGTR",7
"LIB EXHIBITION & PROGRAMM SPEC",6
"LIB FCLIT MAINT MGR",12
"LIBRARIAN 1",428
"LIBRARIAN 2",177
"LIBRARIAN 3",204
"LIBRARIAN 4",81
"LIBRARY ASSISTANT 1",526
"LIBRARY ASSISTANT 2",260
"LIBRARY ASSISTANT 3",531
"LIBRARY ATTENDANT",54
"LIBRARY BUDGET & FINANCE MGR",7
"LIBRARY CAPITAL DEV COORD",6
"LIBRARY EXHIBITION TECH",6
"LIBRARY MEDIA PROJ.COORDINATOR",13
"LIBRARY MEDIA PROJECT INSTRUC",51
"LIBRARY MEDIA PROJECT SPEC",15
"LIBRARY OPERATIONS ADMINISTRAT",29
"LIBRARY PAGE",711
"LIBRARY SERVICES SPECIALIST",13
"LIBRARY TECH SERV MANAGER",6
"LIBRARY TRANSPORTATION SUPV",6
"LIBRARY TUTOR",269
"LIBRARY TUTORING PROG COORD",6
"LIGHT EQUIPMENT TECHNICIAN",345
"LIGHT EQUIPMENT TECHNICN SUPV",7
"LIME PRODUCTION PLANT OPER 1",60
"LIME PRODUCTION PLANT OPER 2",67
"LIME PRODUCTION PLANT SUPV",7
"LITHOGRAPHIC IMAGING TECH",7
"LOCAL GOVERNMENT COORD",6
"LOCKSMITH",50
"MAGISTRATE",6
"MAIL CENTER CLERK 1",21
"MAIL CENTER CLERK 2",7
"MAIL CENTER SUPERVISOR",6
"MAINTENANCE MECHANIC",721
"MAINTENANCE OPER SUPT",19
"MAINTENANCE RELIABILITY CLERK",7
"MAINTENANCE REPAIRER",406
"MAINTENANCE REPAIRER-AUTO",71
"MAINTENANCE SUPV",81
"MAINTENANCE TECHNICIAN",177
"MANAGER FINANCIAL SERVICES",6
"MANAGER FISCAL RESOURCES",13
"MANAGER ISD",32
"MANAGER, 311 COMMUNICATION CTR",7
"MANAGER, DSWM 1",6
"MANAGER, DSWM 2",21
"MANAGER, HOMELESS TRUST",6
"MANAGER, MAIN LIBRARY",7
"MANAGER, MDPD CRIME LAB",21
"MANAGER, PROCUREMENT& CONTRACT",14
"MANAGER, RISK MGT AND SAFETY",14
"MARINA ATTENDANT",52
"MARINA MANAGER 2",32
"MARINA MANAGER 3",38
"MARINA SUPPORT SPECIALIST",7
"MARINE CRAFT TECHNICIAN",19
"MARINE EQUIPMENT OPER",7
"MARKETING SERVICES COORDINATOR",33
"MASON",20
"MATERIALS MANAGEMENT SUPV",7
"MAYOR'S ADMIN SUPPORT SPEC",6
"MAYOR'S AIDE",72
"MAYOR'S EXECUTIVE OFFICE ASST",7
"MAYOR - PRESS SECRETARY",7
"MAYOR CHIEF OF STAFF",6
"MAYOR MIAMI-DADE COUNTY",7
"MAYOR OFF DIR POLICY&LEGIS AFF",8
"MAYORS OFF, MEDIA RELAT SPEC",6
"MDEAT HAP COORDIN/UNDERWRITER",7
"MDEAT TEEN/STUDENT COURT SPEC.",6
"MDFR ASST MED. PROTOCOL PHY",7
"MDFR BREATHING APP MAINT TECH",19
"MDFR BUDGET SECTION MANAGER",8
"MDFR COMM EQUIPMENT TECHNICIAN",6
"MDFR FINANCE SECTION MANAGER",7
"MDFR GRANTS SECTION MANAGER",7
"MDFR INVESTIGATIONS SPEC",35
"MDFR LIFEGUARD 1",457
"MDFR LIFEGUARD 2",45
"MDFR LOGISTICS SERVICE MGR",6
"MDFR MEDIA&PUB RELATIONS MANAG",7
"MDFR PROG&STAFF ANALYST 2",7
"MDFR PROG&STAFF REV DIV MGR",7
"MDFR SENIOR LEGAL LIAISON",6
"MDFR STAFF SCHEDULER",58
"MDFR STAFFING BUREAU MGR",7
"MDFR TRAIN. & DEV. SPECIALIST",6
"MDFR TV PRODUCER",7
"MDPD 911 COMMUNICATIONS MGR",6
"MDPD ARMORER",7
"MDPD BLDG MANAGEMENT SUPV",7
"MDPD BUSINESS MGT OFFICER",7
"MDPD COMMUNITY EDUCATION SPECI",33
"MDPD COURT SUPPORT SPEC 1",258
"MDPD COURT SUPPORT SPEC 2",27
"MDPD CRIMINALIST SUPERVISOR",52
"MDPD CROSSING GUARD SUPV",96
"MDPD FORENSIC ARTIST",8
"MDPD GOV AFF LEGAL RES ANALYST",7
"MDPD HUMAN RESOURCES MGR",6
"MDPD INTELLIGENCE ANALYST",111
"MDPD INTELLIGENCE ANALYST SUPV",31
"MDPD INVESTIGATIVE SPEC",93
"MDPD MAIL CENTER SUPV",6
"MDPD PHOTOGRAPHER",12
"MDPD SCHOOL CROSSING GUARD",3245
"MDPD TV PRODUCER",18
"MDPD TV PRODUCER SUPV",6
"MDPD VICTIM ADVOCATE",115
"MDPD WARRANTS TECH",78
"MDPD WELLNESS PROG FAC MGR",6
"MDPD WELLNESS PROGRAM SPEC",6
"ME ADMINISTRATIVE COORD",8
"ME PUB INTERMENT PROGRAM SUPER",7
"MECHANICAL FIELD UNIT SUPV",6
"MECHANICAL INSPECTOR",43
"MECHANICAL PLANS PROCESSOR",39
"MEDIA&PUBLIC RELATIONS OFFICER",34
"MEDIATOR 1",12
"MEDIATOR 2",6
"MEDICAL BILLING CLERK",6
"MEDICAL EXAMINER",6
"MEDICAL EXAMINER CASE INVESTIG",7
"MEDICAL RECORDS COORDINATOR",6
"MEDICOLEGAL INVESTIGATOR",48
"MENTAL HEALTH ASSESS SPEC",14
"MENTAL HEALTH SERVICES MGR",6
"METER READER",227
"METROMOVER MAINT SUPV",48
"METROMOVER TECHNICIAN",290
"MGR AP FINE ARTS&CLTRL AFFRS",7
"MGR BUDGET AND ACCOUNTING",7
"MGR DTPW CIVL RT&LABOR REL",18
"MGR DTPW ELEC SYS MAINTENANCE",7
"MGR DTPW FACLITIES MAINTENANCE",13
"MGR DTPW PROJECT CONTROL SPEC",13
"MGR DTPW RIOW & UTILITY SEC",21
"MGR DTPWCOST&SCHED SECTION",7
"MGR EMPLOYEE SUPPORT SERV",7
"MGR FINANCIAL REPORTING",12
"MGR FORENSIC BUREAU OPER",8
"MGR GRANT RESOURCES",7
"MGR HCD",19
"MGR ISD ARCH & ENG SERV",6
"MGR ISD RENOVATION SERV",6
"MGR ISD WORKERS COMPENSATION",6
"MGR JSD CARE CUST & DIVERSION",7
"MGR MARRIAGE LICENSE BUREAU",6
"MGR MDFR PURCHASING SERVICES",7
"MGR MDFR TRAINING&DEVELOP",6
"MGR MORGUE BUREAU OPER",7
"MGR OFF CHAIR SUPP STAFF DIV",6
"MGR OFF OF EMERGENCY MGT",13
"MGR PROCUREMENT VENDOR SERV",6
"MGR PROS FRUIT & SPICE PARK",6
"MGR PROS NATURAL AREAS",8
"MGR RER ENVIRONMENTAL SECT",58
"MGR RER FINANCIAL SERV",12
"MGR RER LABORATORY SECTN",7
"MGR RISK MGT CASUALT&PROP",7
"MGR STRMWTR PLNG&DES SEC",7
"MGR TERMINAL DVLPMT AND INFRAS",7
"MGR TRAFFIC ENGINEERING DIV",6
"MGR TV PRODUCTION&OPER",7
"MGR W&S TRAINING&DEV",7
"MGR ZOO COMMUN&MEDIA REL",6
"MGR, AVIATION RENTAL CAR FACIL",7
"MGR, CAPITAL BUDGET&PROJ CON",7
"MGR, CAREERSOURCE SOUTH FL ADM",7
"MGR, CAUSESWAY OPERATIONS",6
"MGR, DTPW BRIDGE ENGINEERING",8
"MGR, DTPW MEDCAL & RECORDS PRG",8
"MGR, DTPW PASSENGER AMENITI",6
"MGR, DTPW TREASURY SERVICES",6
"MGR, HOMELESS TRUST CONTRACTS",8
"MGR, ISD FINANCE & BUDGET",7
"MGR, MDFR AIRCRAFT MAINTENANCE",8
"MGR, PA ADMINISTRATION",7
"MGR, PROS DEVELOPMENT & MARKET",13
"MGR, SEAPORT ARCHITECTURE",7
"MGR, SEAPORT STRAT. INITIATIVE",7
"MGR, TRAINING & LABOR RELATION",6
"MGR, W&S FLEET MANAGEMENT",6
"MGR, W&S LEGISLATIVE & MUN AFF",7
"MGR,ASD FIN,COLL&LICS SERV",6
"MGR,DTPW MARKETING & COMMUNICA",14
"MGR,MDFR BLDG MGT MAIN&SEC",7
"MGR,PROS CONTRACTS ADMINISTRAT",7
"MICROGRAPHICS SUPERVISOR",7
"MIDDLEWARE SR ADMINISTRATOR",79
"MOSQ CONT PROJECT ADMINISTRATO",6
"MOSQ CONT RESEARCH MANAGER",7
"MOSQ CONTROL SENIOR SUPERVISOR",6
"MOSQUITO CONTROL INSPECTOR",165
"MOSQUITO CTRL SUPV",21
"MOTOR VEH REPAIR ENF OFFICER",33
"MPO ADMINISTRATIVE COORDINATOR",6
"MPO AGENDA PROCESSING ASST",6
"MPO BOARD ADMINISTRATOR",8
"MPO CHIEF COMMUNICATIONS OFF",7
"MPO FINANCE MANAGER",8
"MPO GOVERNMENT AFFAIRS ANALYST",7
"MPO INTERGOV AFFAIRS COORD",6
"MPO INTERMODAL MANAGER",7
"MPO MOBILITY PLANNER 3",6
"MPO PROGRAM DEVELOPMENT MGR",7
"MPO PUBLIC INVOLVEMENT OFFICER",6
"MPO SPEC PROJ & OUTREACH COORD",7
"MPO TRANSIT AND REGIONAL MGR",7
"MPO TRANSPORTATION PLANNER 2",6
"MPO TRANSPORTATION PLANNER 3",13
"NEAT SPECIALIST",101
"NEIGHBORHOOD SERV CENTER DIR",13
"NETWORK MANAGER 1",153
"NETWORK MANAGER 2",130
"NETWORK SYSTEM INTEGRATOR",14
"NEW BUS CONTRACTING OFF",12
"NEW BUSINESS CONVEYANCE OFFICR",16
"NEW BUSINESS MANAGER",7
"NEW BUSINESS PROCESSOR",47
"NEW BUSINESS REPRESENTATIVE",191
"NEW BUSINESS SUPERVISOR 1",20
"NEW BUSINESS SUPERVISOR 2",27
"NUTRITION SERVICES SPECIALIST",7
"OCCUPATIONAL HEALTH SPECIALIST",7
"OCEAN LIFEGUARD 1",21
"OCEAN RESCUE COMM SUPP SPEC",21
"OFFICE SUPPORT SPECIALIST 2",244
"OFFICE SUPPORT SPECIALIST 3",61
"OFFSET LITHOGRAPHER 1",27
"OFFSET LITHOGRAPHER 2",20
"OFFSET LITHOGRAPHER 3",13
"OIG ADMIN PROJECTS SPEC",7
"OMB ADMINSTRATIVE SUPPORT OFF",7
"OMB BUDGET SYSTEMS ADMINISTRAT",7
"OMB COORDINATOR",46
"OPERATING SYSTEMS PROGRAMMER",126
"OUTREACH SPECIALIST",6
"PA ADMINISTRATIVE SECRETARY",20
"PA ADMINISTRATIVE SUPPORT SPEC",8
"PA COMMUNICATIONS AIDE",8
"PA COMMUNICATIONS ASSISTANT",6
"PA COMPUTER OPERATIONS SPECIAL",6
"PA EXECUTIVE SECRETARY",8
"PA FIELD EVALUATOR",114
"PA INFORMATION SERVICE MANAGER",7
"PA IT ANALYST",13
"PA LEGAL SPEC 2",6
"PA PERSONNEL SPECIALIST 2",7
"PA PERSONNEL SPECIALIST 3",7
"PA PERSONNEL SUPPORT SPEC",8
"PA PROCUREMENT MGR",7
"PA PROJECTS ADMINISTRATOR",6
"PA SENIOR STAFF ATTORNEY",13
"PA SR. INFO.TECHNOLOGY ANALYST",13
"PA STAFF ATTORNEY",12
"PA SYSTEM ADMINISTRATOR",6
"PA TAX ROLL COORDINATOR",7
"PAINTER",122
"PAINTER SUPERVISOR",6
"PARALEGAL ASSISTANT",19
"PARALEGAL COLLECTION SPEC",66
"PARALEGAL SPECIALIST 1",6
"PARALEGAL SPECIALIST 2",6
"PARALEGAL SUPERVISOR",8
"PARALEGAL SUPPORT SPECIALIST",21
"PARK ATTENDANT",299
"PARK MAINTFACILITIES COORD",6
"PARK SERVICE AIDE",3576
"PARK VIOLATIONS BUR OPS &IT MG",7
"PARKING LOT ATTENDANT",85
"PARKING LOT ATTENDANT SUPV",7
"PASSENGER TRANS VEH INSPECTOR",21
"PASSENGER TRANSPORTATION COORD",6
"PASSENGER TRANSPORTATION OFF",100
"PERMITS&DRAFTING SERVS SPECIAL",8
"PERSONAL PROPERTY EVALUATOR 1",33
"PERSONAL PROPERTY EVALUATOR 2",20
"PERSONNEL-PAYROLL TECH-BOS",67
"PERSONNEL-PAYROLL TECH WC/DIS",18
"PERSONNEL PAYROLL TECH",86
"PERSONNEL PAYROLL&SYST SUPV",25
"PERSONNEL SPECIALIST 1",96
"PERSONNEL SPECIALIST 2",366
"PERSONNEL SPECIALIST 3",69
"PERSONNEL TECHNICIAN",361
"PEST CONTROL MANAGER",6
"PGTS COORDINATOR",21
"PHCD ACCOUNTING CHIEF",6
"PHCD AMP ADMINISTRATOR",67
"PHCD APPL LEASING CTR MGR",8
"PHCD ASSET PROJECT MANAGER",21
"PHCD ASSISTED LIV.FAC. ADMIN.",6
"PHCD ASSIT ALF ADMINISTRATOR",6
"PHCD AST. AMP ADMINISTRATOR",276
"PHCD COMPLIANCE OFFICER",6
"PHCD COMPLIANCE REVIEWER",29
"PHCD COMPLIANCE TECHNICIAN",6
"PHCD FAC& DEV. CONTR COORDINA",8
"PHCD FACILITIES&DEVELOP DIR",7
"PHCD HOMEOWNERSHIP SPECIALIST",27
"PHCD HOUSING MANAGER",7
"PHCD HOUSING QUALITY CTRL SPE",7
"PHCD MAINTENANCE SPECIALIST",25
"PHCD MORTGAGE SERV CLERK",7
"PHCD OCCUPANCY MANAGER",6
"PHCD OFFER COORDINATOR",20
"PHCD OFFER SUPERVISOR",7
"PHCD OPERATIONS/ADMIN ANALYST",13
"PHCD PROCUREMENT CONT MGR",6
"PHCD PROCUREMENT CONTRACTS OFF",21
"PHCD PROJECT MANAGER",14
"PHCD RESIDENT SERVICES COOR",19
"PHCD SERVICE REPRESENTATIVE",14
"PHCD STRUCTURAL MAINT TECH",76
"PHCD TECHNICIAN",46
"PHCD VACANCY TRADES COORDINATO",7
"PHCD WAITING LIST SPECIALIST",6
"PHOTOGRAPHIC SUPERVISOR",6
"PHT EXECUTIVE ASSISTANT",7
"PHT VICE PRES, FAC. DESIGN&CON",7
"PIPEFITTER SUPERVISOR",347
"PLANNING SECTION SUPERVISOR",53
"PLANNING TECHNICIAN",21
"PLASTERER",108
"PLUMBER",206
"PLUMBER SUPERVISOR",28
"PLUMBING FIELD UNIT SUPV",7
"PLUMBING INSPECTOR",56
"PLUMBING PLANS PROCESSOR",33
"POLICE ADMIN COORDINATOR",7
"POLICE CAPTAIN",199
"POLICE COMMUN COORDINATOR",13
"POLICE COMPLAINT OFFICER",723
"POLICE COMPLAINT SUPV 1",40
"POLICE COMPLAINT SUPV 2",18
"POLICE COMPUTERIZED RPT SPEC 2",26
"POLICE COMPUTERIZED RPT SPEC 3",6
"POLICE COUNSELOR",13
"POLICE CRIME ANALYSIS SPEC 1",289
"POLICE CRIME SCENE TECHNICIAN",48
"POLICE DISPATCH SUPERVISOR 1",19
"POLICE DISPATCH SUPERVISOR 2",25
"POLICE DISPATCHER",557
"POLICE DIVISION CHIEF",50
"POLICE FINANCIAL INVESTIGATOR",25
"POLICE LEGAL ADVISOR",38
"POLICE LEGAL ADVISOR MANAGER",6
"POLICE LEGAL ADVISOR SUPERVISO",7
"POLICE LIEUTENANT",1009
"POLICE MAJOR",155
"POLICE OFFICER",14538
"POLICE PROP EVIDENCE SPEC 1",124
"POLICE PROP EVIDENCE SPEC 2",20
"POLICE PROPERTY EVIDENCE SUPER",7
"POLICE PSYCHOLOGIST",7
"POLICE RECORDS SPECIALIST 1",391
"POLICE RECORDS TECH 1",560
"POLICE RECORDS TECH 2",90
"POLICE RECORDS TECH 3",12
"POLICE RECORDS TECH SUPV",22
"POLICE SERGEANT",3111
"POLICE STATION SPECIALIST",139
"POLLUTION CNTRL PLAN REVWR",174
"POLLUTION CONTROL DIVISION CHF",7
"POLLUTION CONTROL INSPECTOR 1",279
"POLLUTION CONTROL INSPECTOR 2",107
"POOL MANAGER",47
"POOL/LAKE LIFEGUARD 1",24
"POOL/LAKE LIFEGUARD 2",625
"POOL/LAKE LIFEGUARD 3",631
"PORTFOLIO ANALYST",8
"POWER SYSTEMS SUPERVISOR",7
"POWER SYSTEMS TECHNICIAN",80
"PRINCIPAL PLANNER",133
"PROC QUALITY CTRL SPECIALIST",6
"PROCURE & POLICIES TRNG COORD",6
"PROCURE VENDOR SERV SPEC",7
"PROCUREMENT ANALYST",12
"PROCUREMENT CONTRACT TECH",14
"PROCUREMENT CONTRACTING ASSOC",47
"PROCUREMENT CONTRACTING MGR",26
"PROCUREMENT CONTRACTING OFF 1",181
"PROCUREMENT CONTRACTING OFF 2",51
"PROCUREMENT CONTRACTING OFF 3",39
"PRODUCTION CONTROL SPEC",29
"PRODUCTION SUPPORT ANALYST",14
"PROFESSIONAL ENGINEER",229
"PROFESSIONAL GEOLOGIST",21
"PROFESSIONAL LAND SURVEYOR",54
"PROGRAM COORDINATOR OMB",26
"PROPERTY AP. TAX ROLL MANAGER",7
"PROPERTY APPRAISER",8
"PROPERTY APPRAISER CLERK 1",286
"PROPERTY APPRAISER CLERK 2",116
"PROPERTY APPRAISER SUPERVISOR1",160
"PROPERTY APPRAISER SUPERVISOR2",54
"PROPERTY EVALUATION SPEC",165
"PROPERTY EXEMPTIONS CLERK",76
"PROPERTY EXEMPTIONS EVAL 1",45
"PROPERTY EXEMPTIONS EVAL 2",50
"PROPERTY EXEMPTIONS SPECIALIST",26
"PROS AQUATIC PROGRAM MANAGER",6
"PROS ASSISTANT RANGE MASTER",13
"PROS ASSISTANT SECURITY CHIEF",6
"PROS BEACH MAINTENANCE WORKER",117
"PROS BUSINESS DEVELOPMENT SPEC",7
"PROS BUSINESS SPECIALIST 2",19
"PROS BUSINESS SPECIALIST 3",14
"PROS CHIEF OF OPERATIONS",6
"PROS CHILDREN'S TRUST AS INSTR",78
"PROS COMMUNITY CENTER MANAGER",13
"PROS CONSTR&MAINT SUPV",20
"PROS CONSTRUCTION & MAINT MGR",7
"PROS DISABILITY SERVS MGR",6
"PROS ECO ADV SALES&BUS MGR",7
"PROS EMPLOYEE RECORDS SPEC",6
"PROS ENFORCEMENT SPECIALIST",92
"PROS FACILITY MAINT ATTENDANT",99
"PROS MAINTENANCE SUPVERVISOR",27
"PROS MANAGER 1",208
"PROS MANAGER 2",111
"PROS MANAGER 3",86
"PROS MANAGER 4",13
"PROS MANAGER 5",41
"PROS MARKETING SPECIALIST",6
"PROS MASTER PLAN MANAGER",6
"PROS NATURAL AREAS ATTENDANT",192
"PROS NATURAL AREAS MAINT. SUPV",6
"PROS PARK PLANNER 2",12
"PROS PARK PLANNER 3",18
"PROS RANGE MASTER",8
"PROS RECREATION & PR AREA COOR",22
"PROS SALES MARKETING COORDINAT",6
"PROS SALES SYSTEM SPECIALIST",6
"PROS SECURITY OFFICER",103
"PROS SECURITY SUPERVISOR",38
"PROS SECURITY& ENFORCEMENT CHF",7
"PROS SIGN/GRAPHICS ARTIST",20
"PROS SPECIAL TAX DISTRICT MGR",7
"PROS SPECIAL TAX SUPV",12
"PROS WELL & FITNESS SPECIALIST",27
"PUB INTERMENT PROG COORD ASST",7
"PUBLIC FACILITIES MANAGER 4",6
"PUBLIC HOUSING MAINT SUPV",73
"PUBLIC SERVICE AIDE",374
"PUBLIC WORKS SUPERVISOR 1",65
"PUBLIC WORKS SUPERVISOR 2",44
"PURCHASING SPECIALIST",92
"QUALITY ASSURANCE ENGINEER 1",40
"QUALITY ASSURANCE ENGINEER 2",14
"RAAM SUPERINTENDENT",19
"RAIL MAINTENANCE CLERK",28
"RAIL MAINTENANCE CONTROL CLERK",76
"RAIL MAINTENANCE WORKER",19
"RAIL STATION MONITOR",12
"RAIL STOCK CLERK",96
"RAIL STRUCTURAL INSP SPEC",22
"RAIL STRUCTURAL INSP SUPV",7
"RAIL STRUCTURAL REPAIRER",94
"RAIL STRUCTURE/TRACK SUPV",109
"RAIL SUPERVISOR",74
"RAIL TECHNICIAN/TRACTION POWER",123
"RAIL TECHNICIAN/TRAIN CONTROL",144
"RAIL TRAFFIC CONTROLLER",162
"RAIL VEHICLE CLEANER",215
"RAIL VEHICLE CLEANER SUPV",13
"RAIL VEHICLE ELECTRONIC TECH",228
"RAIL VEHICLE MACHINIST",41
"RAIL VEHICLE MAINTENANCE SUP",72
"RAIL VEHICLE MECHANIC",152
"RAIL YARD MASTER",41
"RANGE ATTENDANT",73
"REAL ESTATE ADVISOR",19
"REAL ESTATE ANALYST",7
"REAL ESTATE EVALUATOR 1",178
"REAL ESTATE EVALUATOR 2",480
"REAL ESTATE OFFICER",66
"REALTY CHANGE CLERK",40
"RECORDING SPECIALIST",28
"RECORDS CENTER CLERK 1",19
"RECORDS CENTER CLERK 2",12
"RECORDS CENTER SUPERVISOR",27
"RECORDS CENTER TECHNICIAN 1",25
"RECORDS CENTER TECHNICIAN 2",21
"RECORDS MANAGEMENT SPEC 1",20
"RECORDS MANAGEMENT SPEC 2",6
"RECORDS MANAGER",6
"RECREATION LEADER",382
"RECREATION SPECIALIST 1",104
"RECREATION SPECIALIST 2",74
"RECREATION SPECIALIST SUPV",36
"RECREATION STRAT PLANNER",7
"RECREATION THERAPIST 2",26
"REF/AC MECHANIC",218
"REF/AC MECHANIC SUPERVISOR",73
"REHAB SERVICES COUNSELOR 1",32
"REHAB SERVICES COUNSELOR 2",146
"REHAB SERVICES SUPERVISOR",33
"RER AGENDA CLERK",20
"RER AGENDA SUPERVISOR",6
"RER BOARD ADMINISTRATOR",7
"RER COMPLIANCE OFFICER 1",229
"RER COMPLIANCE OFFICER 2",39
"RER COMPLIANCE SUPERVISOR",20
"RER CONT LICENSING ENFORCE SUP",7
"RER CONTRACT LICENSING INVESTI",48
"RER CONTRACTOR LICENSE REP",38
"RER CONTRACTOR LICS SECT SUPV",7
"RER DEVELOPMENT SUPERVISOR",6
"RER DIVISION CH, NEIGHBORH COM",7
"RER DIVISION CHIEF",52
"RER DIVISION CHIEF 2",19
"RER DIVISION CHIEF 3",14
"RER DIVISION MANAGER",27
"RER ENDANGERED LANDS COORD.",6
"RER ENFORCEMENT INFORMATION SP",18
"RER ENFORCEMENT SUPV",26
"RER EVALUATION SUPERVISOR",7
"RER INTERGOVT AFFAIRS ADMIN",6
"RER LICENSING CLERK",46
"RER LIEN COLLECTION MANAGER",7
"RER LIEN COLLECTION REP.",90
"RER LIEN COLLECTION SUPERVISOR",14
"RER MICROGRAPHICS REC CLK",26
"RER PERM.&PLANS REPRESENTATIVE",129
"RER PERMIT & PLANS PROC SPEC",97
"RER PERMIT AND OCCUPANCY REP",171
"RER PERMIT REC SUPV",14
"RER PERMIT SERVICES SPECIALIST",14
"RER PLANS PROCESSOR SUPERVISOR",7
"RER PRODUCT CONTROL EXAMINER",33
"RER PRODUCT CONTROL INSPECTOR",20
"RER PRODUCT CONTROL SECT SUPV",6
"RER PRODUCT CONTROL TECH",13
"RER QUAL ASSURANCE UNIT SUPV",6
"RER REC&PLANS PROC COORD",12
"RER RECORDS COORDINATOR",14
"RER RESILIENCY COORDINATOR 1",7
"RER RESILIENCY COORDINATOR 2",21
"RER RESILIENCY METRICS ANALYST",7
"RER RESILIENCY PROGRAM MGR",13
"RER ROOF PROD CONTROL EXAM",22
"RER SECTION COORDINATOR",8
"RER SENIOR CODE OFFICER",39
"RER SERVICE REPRESENTATIVE",46
"RER SR. DIV CHIF,DEV. SERVICES",6
"RER SUPPORT COMPLIANCE REP.",47
"RER SUPPORT COMPLIANCE SPEC",20
"RER SUPPORT COMPLICE REP SUPER",6
"RER SUPPORT SECTION SUPV",13
"RER SUPPORT SPECIALIST",19
"RER UNSAFE STRUCTURE SPECIALIS",6
"REVENUE & PRODUCTIVITY ANLST 1",8
"REVENUE & PRODUCTIVITY ANLST 2",6
"REVENUE DEVELOPMENT COORD",6
"RISK MANAGEMENT ANALYST",6
"RISK MANAGEMENT APPRAISER",7
"RISK MANAGEMENT INSURANCE REP",14
"RISK MANAGEMENT SAFETY OFFICER",20
"RISK MANAGEMENT SPECIALIST",14
"ROAD CONSTR COST ESTIMATOR",183
"ROAD CONSTRUCTION ENGINEER",75
"ROADWAY LIGHTING INSP. SUPERVI",6
"ROADWAY LIGHTING INSPECTOR",12
"ROOF FIELD UNIT SUPERVISOR",7
"ROOF PLANS PROCESSOR",8
"ROOFING INSPECTOR",57
"RSVP COORDINATOR",8
"RYAN WHITE FISCAL ADMIN",6
"RYAN WHITE PROG ADMINISTRT",7
"SAFETY OFFICER",63
"SALES MEMBER&WAREHSE SPEC 1",8
"SALES MEMBER&WAREHSE SPEC 2",12
"SBD CAPTIAL IMP. PROJECT SPEC.",27
"SBD CONSTRUCTION PROJ MGR",7
"SBD CONTRACT COML OFFR 2",63
"SBD CONTRACT COMPLIANCE OFF 1",73
"SBD PROFESSIONAL SERV SPEC",6
"SBD SECTION CHIEF",34
"SBD SECTION MANAGER",6
"SBD SR PROF SERV SPEC",21
"SBD TECHNICAL ASSISTANCE COORD",34
"SCADA OPERATIONS MANAGER",6
"SCADA OPERATIONS SPECIALIST",34
"SCHOOL CROSSING GUARD COORD",19
"SEAPORT ASSET MANAGER",6
"SEAPORT ASST PROPERTY MANAGER",7
"SEAPORT BERTHING OFFICER",25
"SEAPORT BILLING SUPERVISOR",7
"SEAPORT BUSINESS PERMITS CLERK",14
"SEAPORT BUSINESS PERMITS SPEC",6
"SEAPORT CARGO DEVELOP COORD",14
"SEAPORT COLLECTIONS SPECIALIST",8
"SEAPORT CONST COST ANALYST",7
"SEAPORT ENFORCEMENT SPECIALIST",362
"SEAPORT EXTERMINATOR",7
"SEAPORT FACILITIES SUPT",7
"SEAPORT FACILITIES SUPV",6
"SEAPORT FIELD TECHNICIAN",13
"SEAPORT FIN &STRATEGIC ANALYST",7
"SEAPORT FIN INITIATIVES ADMIN",7
"SEAPORT GROUND TRANS COORD",42
"SEAPORT HYDRAULICS MECH",20
"SEAPORT INTERMODAL COORD",7
"SEAPORT OPERATIONS MANAGER",7
"SEAPORT OPERATIONS SPECIALIST",14
"SEAPORT PASS B&BCONV SUPV",7
"SEAPORT PASS. SAFETY OFFICER",89
"SEAPORT PUBLIC AFF&COMM DIR",7
"SEAPORT PUBLIC OUTRCH & EVE CR",7
"SEAPORT REVENUE CONTROL SPECIA",18
"SEAPORT SECURITY COORD",15
"SEAPORT SECURITY LIAISON OFFIC",6
"SEAPORT SECURITY OPER SUPV",13
"SEAPORT SECURITY SUPV 1",39
"SEAPORT SECURITY SUPV 2",53
"SEAPORT SUPERINTENDENT",74
"SEAPORT TERMINAL OPER SPEC",37
"SEAPRT PASS/BRDG/ BAGCONTECH",27
"SEC. CHIEF, TERMINAL OPERATION",7
"SECRETARY",665
"SECRETARY TO SR DEP CLERK",20
"SECTION CHIEF AVIATION",98
"SECURITY ALARM SPECIALIST",7
"SECURITY SYSTEMS MANAGER",7
"SEMI-SKILLED LABORER",366
"SENIOR ADVISOR TO MAYOR",6
"SENIOR ADVOCATE",7
"SENIOR ASST TO DEPT DIR",13
"SENIOR AUDITOR",28
"SENIOR AVIATION PROPERTY MGR",75
"SENIOR BOND ANALYST",6
"SENIOR BUSINESS ANALYST",40
"SENIOR CADASTRAL TECH",79
"SENIOR CHIEF, W&S DIVISION",6
"SENIOR COMMISSION AIDE",6
"SENIOR COMPANION",1148
"SENIOR COMPANION COORD",7
"SENIOR COMPANION FLD SUPV",19
"SENIOR COMPENSATION SPEC",24
"SENIOR CONST SPEC WRITER",47
"SENIOR COUNTY COMM CLERK",22
"SENIOR COURT OPERS OFFICER",18
"SENIOR DEPUTY CLERK",13
"SENIOR DIVISION DIRECTOR, HR",7
"SENIOR EXEC SEC TO CLERK",6
"SENIOR EXECUTIVE SECRETARY",113
"SENIOR FORENSIC TECHNICIAN",46
"SENIOR GRANTS ANALYST",7
"SENIOR HUMAN RESOUR MGR",48
"SENIOR JUDICIAL SUPP ADMIN",6
"SENIOR MGR RER ENV SECT",20
"SENIOR PLANNER",53
"SENIOR PROF ENGINEER",206
"SENIOR PROF LAND SURVEYOR",34
"SENIOR PROFESSIONAL GEOLOGIST",6
"SENIOR PROP APPRAISER CLERK",7
"SENIOR PROPERTY EXEMPTIONS CLK",6
"SENIOR REALTY CHANGE CLERK",7
"SENIOR RECORDS MGT SPEC",6
"SENIOR REGIONAL MGR",7
"SENIOR REGISTERED ARCHITECT",13
"SENIOR SCIENTIST HYDROLOGY",7
"SENIOR SECTION CHIEF, AVIATION",22
"SENIOR SOCIAL MEDIA SPECIALIST",7
"SENIOR TAX RECORDS SPEC",106
"SENIOR TELECOMMUNICATIONS TECH",467
"SENIOR WEB DESIGNER",6
"SENIOR WEB DEVELOPER",14
"SENIOR WEB PUBLISHER",33
"SERVICE CORPS WORKER",709
"SEWER INSPECTION TECHNICIAN 1",96
"SEWER INSPECTION TECHNICIAN 2",95
"SFWIB ADMINISTRATIVE OFFICER 2",6
"SFWIB ADMINISTRATIVE SEC",6
"SFWIB AGENDA CLERK",7
"SFWIB CONT COMPLIANCE OFFICER",34
"SFWIB CUSTOMER SERV/REC",6
"SFWIB ELIGIBILITY VER. SPEC. 1",15
"SFWIB ELIGIBILITY VER. SPEC. 2",6
"SFWIB FAC & TRANSPORTATION OFF",6
"SFWIB FINANCE ADMINISTRATOR",7
"SFWIB HUMAN RESOUR SPEC",6
"SFWIB JOB TRAINING PROG. SPEC",15
"SFWIB OPERATIONS SPECIALIST",6
"SFWIB PROGRAM COORDINATOR",14
"SFWIB PROGRAM SERVICES SUPV",7
"SFWIB PROGRAM SPECIALIST",6
"SFWIB QUALITY ASSUR COORD",6
"SFWIB QUALITY ASSURANCE SPEC",20
"SFWIB SPECIAL PROJECTS ADMIN 2",20
"SFWIB TRANSITION SPECIALIST",12
"SFWIB WEB DESIGNER",7
"SFWIB YOUTH PROGRAM MGR",6
"SIGN PAINTER",26
"SLUDGE DEWATERING OPERATOR 2",27
"SOCIAL MEDIA MANAGER",6
"SOCIAL MEDIA SPECIALIST",32
"SOCIAL SERVICES ADMIN",19
"SOCIAL SERVICES REPORT SPEC",6
"SOCIAL WORKER 1",225
"SOCIAL WORKER 2",6
"SOCIAL WORKER AIDE",116
"SPEC AGENT OFF INSP GEN",73
"SPEC AGENT SUPV OFF INSP GEN",19
"SPEC ASST LEGIS & MUN AFFRS",6
"SPEC PROJECTS ADMINISTRATOR 1",630
"SPEC PROJECTS ADMINISTRATOR 2",397
"SPECIAL TAX DISTRICT SUPERVISO",6
"SPORTS TURF MANAGER",6
"SPRAY PAINTER",6
"SPRAYER",53
"SR COURT LEGAL ADVISOR",6
"SR DATABASE ADMINISTRATOR",133
"SR DTPW OPER SCHEDULER",19
"SR DTPW TELECOMMUNICTN TECH",7
"SR EMPLOYEE BENEFITS SPEC",34
"SR EXEC ASST TO THE DEPT DIR",21
"SR OPERATING SYSTEMS PROG",550
"SR POLICE BUREAU COMMANDER",14
"SR SEAPORT BERTHING OFFICER",7
"SR SYSTEMS ADMINISTRATOR",88
"SR SYSTEMS ANALYST/PROG",1215
"SR. EXECUTIVE SEC, MAYOR OFFIC",19
"SR. SECURITY SYSTEMS ENGINNER",34
"SR.TECH SERV.PLANNER/SCHEDULER",7
"STAFF ATTY COMM E & PTC",19
"STATE AFFAIRS COORDINATOR",7
"STATION MANAGER",7
"STENGRAPHIC REPORTER SUPV",7
"STENOGRAPHIC REPORTER",98
"STOREKEEPER 1",7
"STORES CLERK",27
"STRATEGIC INITIATIVES MANAGER",26
"STRUCTURAL PLANS PROCESSOR",56
"STRUCTURAL SEC SUPERVISOR",6
"STUDENT INTERN",34
"SUBROGATION CLAIMS EXAMINER",8
"SUMMER YOUTH INTERN",7
"SUPERVISOR OF ELECTIONS",7
"SUPERVISOR, PHCD",7
"SUSTAINABILITY PROGRAM ASST",6
"SWIM INSTRUCTOR",20
"SYSTEMS ADMINISTRATOR 1",13
"SYSTEMS ADMINISTRATOR 2",35
"SYSTEMS ANALYST/PROG 1",130
"SYSTEMS ANALYST/PROG 2",510
"SYSTEMS SUPPORT MGR",200
"TAX COLLECTOR",6
"TAX COLLECTOR MANAGER",62
"TAX COLLECTOR REVENUE SPECIALI",20
"TAX COLLECTOR SUPV 1",29
"TAX COLLECTOR SUPV 2",41
"TAX DEED ADMINISTRATOR",7
"TAX RECORDS SPECIALIST 2",326
"TAX SYSTEM MANAGER",6
"TECH SERVICES PLANNER/SCHED",41
"TECHNICAL EQUIPMENT INSTRUCTOR",29
"TECHNICAL SERVICES COORDINATOR",6
"TECHNICAL SUPPORT ANALYST",71
"TECHNICAL TRAINING SPEC 1",6
"TECHNICAL TRAINING SPEC 2",12
"TECHNICAL TRAINING SPEC 3",12
"TELECOMM BILL & PROCESS COOR.",7
"TELECOMM INFRASTRUCTURE SPEC",12
"TELECOMM MANAGER",6
"TELECOMM SUPV",32
"TELECOMMUNICATIONS TECH",158
"TELECOMMUNS INSTALLER",39
"TELEPHONE CONSOLE OPERATOR 1",26
"TENNIS COURT ATTENDANT",13
"THEATER ADMINISTRATOR",35
"THEATER BOX OFFICE MGR",15
"THEATER CREW 1",96
"THEATER CREW 2",41
"THEATER CREW 3",119
"THEATER DIRECTOR",19
"THEATER FOOD & BVRG CONCSN MGR",7
"THEATER HOUSE MANAGER",6
"THEATER MARKETING COORDINATOR",8
"THEATER PROD MGR",13
"TITLE ANALYST",20
"TOLL COLLECTOR",207
"TOLL ENFORCEMENT OFFICER",7
"TOXICOLOGIST 1",32
"TOXICOLOGIST 2",13
"TOXICOLOGIST 3",19
"TPO ADMINISTRATION SPECIALIST",7
"TRACK EQUIPMENT OPERATOR",68
"TRACK REPAIRER",216
"TRACK SHOP SUPERVISOR",32
"TRACTION POWER SUPV",33
"TRAF CONTR STD&SPEC COORD",6
"TRAFF. SIGNAL CONST. INSPECTOR",7
"TRAFFIC ANALYST",75
"TRAFFIC ANALYST SUPERVISOR",6
"TRAFFIC CONCURRENCY ADMIN",7
"TRAFFIC CONTROL SYS SPEC",25
"TRAFFIC ENGINEER 1",20
"TRAFFIC ENGINEER 2",95
"TRAFFIC ENGINEER 3",48
"TRAFFIC ENGINEERING MANAGER",13
"TRAFFIC MAINT REPAIRER",135
"TRAFFIC MAINTENANCE SUPERVISOR",12
"TRAFFIC OPERATIONS COORDINATOR",6
"TRAFFIC SIGNAL TECHNICIAN 1",128
"TRAFFIC SIGNAL TECHNICIAN 2",59
"TRAIN CONTROL SUPERVISOR",24
"TRAIN OPERATOR",684
"TRAINING SPECIALIST 1",13
"TRAINING SPECIALIST 2",65
"TRAINING SPECIALIST 3",40
"TRANSFER STATION SUPT",53
"TRANSLATOR, MIAMI DADE COUNTY",7
"TRANSPORTATION OFFICER",37
"TRASH CRANE OPERATOR",248
"TRASH TRUCK DRIVER 1",726
"TRASH TRUCK DRIVER 2",678
"TREATMENT PLANT OPERATOR 1",667
"TREATMENT PLANT SUPERVOR",151
"TREE TRIMMER",32
"TURF EQUIPMENT MECHANIC",13
"TV BROADCAST ENGINEER",7
"TV DIRECTOR/EDITOR",6
"TV PRODUCER",20
"URBAN HORTICULTURAL PRGM SPC",26
"UTIL SUPPLY SPEC 1",122
"UTILITY DAMAGES INVESTIGATOR",14
"UTILITY EQUIPMENT TECH SUPV",27
"UTILITY INVENTORY SPECIALIST",20
"UTILITY SUPPLY SUPERVISOR",51
"VALUE ADJUSTMENT BOARD MANAGER",7
"VARIABLE DATA PRINTING SPEC",7
"VETERANS SERVICES SPECIALIST",13
"VETERINARIAN",40
"VETERINARY ASSISTANT",7
"VETERINARY TECHNICIAN",199
"VICTIM CRIME ACT SPECIALIST 1",97
"VICTIM OF CRIME ACT AIDE",93
"VICTIM OF CRIME ACT SPEC 2",20
"VICTIM OF CRIME ACT SUPV 1",19
"VICTIM OF CRIME ACT SUPV 2",31
"VIDEO PRODUCTION SPECIALIST",6
"VIDEOGRAPHER/EDITOR",26
"W&S ACCOUNT CLERK",338
"W&S ASSISTANT CONTROLLER",7
"W&S ASST CHIEF OF SECURITY",7
"W&S AUTO EQUIPMENT OPERATOR 1",39
"W&S AUTO EQUIPMENT OPERATOR 2",119
"W&S AUTOMOTIVE BODY WKR",7
"W&S BILLING CLERK",25
"W&S BUS PROCESS SENIOR SPECIAL",15
"W&S BUSINESS PROCESS SPECIALST",62
"W&S CADASTRAL TECHNICIAN",196
"W&S CAPITAL INVENTORY SPEC",7
"W&S CAPITAL PROJECTS COORD",7
"W&S CAPITAL PROJECTS DIRECTOR",6
"W&S CASHIER 1",34
"W&S CASHIER 2",25
"W&S CCTV EQUIPMENT INSPCT TECH",13
"W&S CLERK 2",21
"W&S COMM. CENTER SUPERVISOR",6
"W&S COMM. CTR SHIFT SUPERVISOR",12
"W&S COMMUNICATIONS SUPPORT SPC",105
"W&S COMPLAINT INTAKE SPECIAL",6
"W&S CONST FIELD SUPPORT COORDI",6
"W&S CONST SUPPORT MGR",7
"W&S CONSTRUCTION COORDINATOR",6
"W&S CONSTRUCTION PROJ SUPV 1",80
"W&S CONTRACT COMPLSPEC",33
"W&S CUSTODIAL WORKER 1",32
"W&S CUSTOMER SERVICE REP 1",243
"W&S CUSTOMER SVC REP 2",1021
"W&S DATA ENTRY SPECIALIST 1",90
"W&S DATA ENTRY SPECIALIST 2",57
"W&S DIVISION MANAGER",34
"W&S DOC CTRL SPEC SUPV",6
"W&S DOCUMENT CTRL SPECIALIST",19
"W&S DUPLICATING EQUIP OPER",14
"W&S ELECTRICIAN",33
"W&S EMERGENCY COMMUNICATION MG",7
"W&S EMP SFTY&DEVELOP INSTR",34
"W&S ENG COST&SCHEDULING SPEC",7
"W&S ENGINEERING SURVEY TECH 1",15
"W&S ENGINEERING SURVEY TECH 2",27
"W&S ENVIRONMENTAL CHEMIST 1",69
"W&S ENVIRONMENTAL CHEMIST 2",65
"W&S ENVIRONMENTAL CHEMIST 3",38
"W&S ERP BUSINESS SPECIALIST 1",7
"W&S ERP BUSINESS SPECIALIST 2",40
"W&S ERP SENIOR BUSINESS SPEC",26
"W&S EVALUATION&REVIEW SPEC",25
"W&S FLEET MGT SPEC",7
"W&S FLOW METER TECHNICIAN",32
"W&S GIS FIELD TECHNICIAN",34
"W&S GIS GRAPHICS TECHNICIAN 2",7
"W&S GIS QUAL ASSURANCE SPECIAL",46
"W&S GIS QUALITY ASSURANCE SUPV",7
"W&S GIS VERIFICAT SECT SUPV",6
"W&S HAZARD WASTE SPECIALIST",6
"W&S HEAVY EQUIPMENT OPERATOR",449
"W&S INFORMATION TECH SPEC",28
"W&S INSTRUMENT TECH SUPV",32
"W&S INSTRUMENT TECHNICIAN",326
"W&S LABORATORY TECHNICIAN 1",99
"W&S LABORATORY TECHNICIAN 2",41
"W&S LEAK DETECTION EQUIP SPEC",47
"W&S LEGIS&MUNIC AFFRS COOR",7
"W&S LIABILITY CLAIMS ADMIN",8
"W&S MAIL CENTER CLERK 1",33
"W&S MAIL CENTER CLERK 2",6
"W&S MAIL CENTER SUPV",6
"W&S MAINT PLANNER/SCHEDULER",39
"W&S MAINT REPAIRER",640
"W&S MAINTENANCE MECHANIC",229
"W&S MAINTENANCE SHOP SUPERVISO",7
"W&S METER REPAIR SUPV",32
"W&S METER TECHNICIAN",286
"W&S MICROBIOLOGIST",36
"W&S MICROGRAPHICS TECH 2",7
"W&S MINI-COMPUTER DATA TECH",6
"W&S OFFICE SUPP SPEC 2",46
"W&S OPERATIONS & MAINT SUPV",6
"W&S PAVING COST ESTIMATOR",6
"W&S PERSONNEL TECHNICIAN",38
"W&S PIPEFITTER",326
"W&S PLANS REVIEW COORDINATOR",15
"W&S PLANT DIESEL MAINT SUPV",28
"W&S PLANT DIESEL MECHANIC",252
"W&S PLANT ELECTRICAL SUPV",101
"W&S PLANT ELECTRICIAN",824
"W&S PLANT MAINTENANCE SUPV",98
"W&S PLANT MECHANIC",830
"W&S PLUMBER",13
"W&S POWER PLANT OPERATOR 1",27
"W&S POWER PLANT OPERATOR 2",83
"W&S PROCUREMENT MANAGER",7
"W&S PROJECTS INSPECTOR 1",210
"W&S PROJECTS INSPECTOR 2",62
"W&S PUBLIC RELATIONS COORDINAT",6
"W&S PUMP STA CONSTR SUPV",6
"W&S PURCHASING SPECIALIST",20
"W&S QUALITY ASSURANCE GIS SPEC",6
"W&S RATE ANALYST",8
"W&S REAL ESTATE MANAGER",6
"W&S RECORDS CENTER CLERK 1",7
"W&S RECORDS CENTER CLERK 2",6
"W&S REFRIGERATION/AC MECH",73
"W&S SAFETY SUPERVISOR",7
"W&S SCADA SUPPORT SPECIALIST",14
"W&S SECRETARY",76
"W&S SECURITY INSPECTOR SUPV",7
"W&S SECURITY SUPV",31
"W&S SEMI-SKILLED LABORER",468
"W&S SENIOR METER TECHNICIAN",20
"W&S SENIOR MICROBIOLOGIST",6
"W&S SENIOR PROGRAM MANAGER",40
"W&S SEPTIC WASTE ATTENDANT",107
"W&S SERVICE TECHNICIAN 1",34
"W&S SERVICE TECHNICIAN 2",180
"W&S SERVICE TECHNICIAN SUPV",21
"W&S SEWER COLLEC SYST SUPV",51
"W&S SEWER LATERAL REPAIR",201
"W&S SLUDGE DEWATERING OPER 1",66
"W&S SP AST DEPUTY DIR. OF OPER",7
"W&S SPECIAL PROJ CONSTR SUPV",6
"W&S SR,ADVISOR CAP PROJ & COMP",7
"W&S STORES,WAREHOUSE & PROC MG",6
"W&S STRUCTURAL CONSTR SUPV",7
"W&S STRUCTURAL MAINT SUPV",74
"W&S STRUCTURAL MAINT WORKER",641
"W&S SYSTEMS ANALYST/PROG 1",25
"W&S SYSTEMS ANALYST/PROG 2",100
"W&S TRAINING TECHNICIAN",8
"W&S TREATMENT PLANT OPERATOR 2",279
"W&S UTILITY EQUIPMENT TECH",200
"W&S UTILITY SUPPLY SPEC 2",156
"W&S VALVE EXERCISE TECH",67
"W&S WELDER",13
"WAREHOUSE & PURCHASING SUPV",6
"WAREHOUSE & STORES SUPT",22
"WAREHOUSE SUPPLY SUPERVISOR",6
"WASTE ATTENDANT 1",733
"WASTE ATTENDANT 2",13
"WASTE COLLECTOR",434
"WASTE ENFORCEMENT OFFICER 1",269
"WASTE ENFORCEMENT OFFICER 2",14
"WASTE EQUIPMENT OPERATOR",208
"WASTE OPERATIONS CLERK",49
"WASTE PLANT ELECTRICIAN",6
"WASTE PLANT MECHANIC",13
"WASTE RADIO OPERATOR",13
"WASTE SCALE OPERATIONS SUPV",14
"WASTE SCALE OPERATOR",106
"WASTE SERVICE CLERK 1",24
"WASTE SERVICE CLERK 2",41
"WASTE SERVICE CLERK SUPV",8
"WASTE SUPERVISOR 1",249
"WASTE SUPERVISOR 2",32
"WASTE TRUCK DRIVER",1156
"WATER DISTRIBUTION SECTION SUP",13
"WATER DISTRIBUTION SUPV",101
"WEB DESIGNER 1",20
"WEB DESIGNER 2",20
"WEB DEVELOPER",18
"WEB PUBLISHER",59
"WELDER",138
"WOMEN'S PARK FACILITY MANAGER",6
"WORD PROC OPER 3",7
"WORKERS COMP CLAIMS ADJUSTER",111
"WORKERS COMP CLAIMS EXAMINER",34
"WORKERS COMP CLAIMS REP",7
"WS BCKFLOW ENFORCMT SPECIALIST",26
"YOUTH ENRICHMENT SPECIALIST",166
"YOUTH SERVICES SPECIALIST",116
"ZONING ANALYST 1",15
"ZONING ANALYST 2",21
"ZONING CLERK",15
"ZONING INFO SERVICE SPECIALIST",12
"ZONING INFORMATION SERVICE MGR",6
"ZONING REVIEW & IMPACT FEE MGR",6
"ZONING SVCS PLANS PROCESSOR",35
"ZONING SVCS SR PLANS PROCESSOR",40
"ZOO ADMISSIONS MANAGER",7
"ZOO ADMISSIONS SUPERVISOR",7
"ZOO ANIMAL BEH & ENRICH SPC",12
"ZOO ANIMAL SCIENCE MANAGER",25
"ZOO ANM. BEH.&ENRICH SUPERVISO",6
"ZOO COMMISSARY KEEPER",47
"ZOO CONSERV&RES SPEC",6
"ZOO CONSERVATION & VET SVR MGR",6
"ZOO CURATOR",7
"ZOO EXHIBITS MANAGER",6
"ZOO EXHIBITS TECHNICIAN",13
"ZOO GRAPHICS&EXHIBITRY MGR",6
"ZOO GROUP SALES&EVENTS MGR",6
"ZOO GRP SALES&EVENTS SUPV",16
"ZOO HOSPITAL TECHNICIAN",7
"ZOO MIAMI KEEPER 1",432
"ZOO MIAMI KEEPER 2",59
"ZOO MIAMI KEEPER AIDE",78
"ZOO MONORAIL MAINT SUPV",6
"ZOO NUTRITIONIST",7
"ZOO OPERATIONS MANAGER 1",7
"ZOO OPERATIONS MANAGER 2",14
"ZOO OPERATIONS SPECIALIST 1",27
"ZOO OPERATIONS SPECIALIST 2",7
"ZOO REGISTRAR&RECORDS COORD.",7
"ZOO RENTAL OPERATIONS SUPV",6
"ZOO RENTALS OPERATIONS MANAGER",7
"ZOO SECURITY OFFICER",160
"ZOO STAFF VETERINARIAN",7
"ZOO SUPERINTENDENT",8
"ZOO TRANSPORTATION GUIDE",80
"ZOO TRANSPORTATION MGR",7
"ZOO TRANSPORTATION SUPERVISOR",7
"ZOOLOGICAL SUPERVISOR 1",34
"ZOOLOGICAL SUPERVISOR 2",24
